blocks,bumps,doppler,heavysin,Blocks_wgn,Bumps_wgn,doppler_wgn,heavysin_wgn,cuarentapi,preg5
0,0.00023,0,0,-1.1978,0.15327,-0.66665,1.1233,,
0,0.00023372,-0.10751,0.028647,0.13109,0.056814,0.63091,1.5484,,
0,0.00023754,0.25633,0.057289,0.21934,0.18321,1.1507,-0.34886,,
0,0.00024148,-0.27731,0.085922,0.28563,-2.0528,-0.1991,-0.88024,,
0,0.00024553,0.05414,0.11454,-0.81062,-0.61255,1.505,1.2234,,
0,0.00024971,0.3047,0.14315,-0.81674,0.065155,0.18505,2.3964,,
0,0.00025402,-0.43925,0.17173,-0.54848,-0.37801,0.18666,-0.048156,,
0,0.00025846,0.086304,0.20028,0.068705,-0.70195,-0.86007,-0.5608,,
0,0.00026305,0.44531,0.22881,0.48662,0.11496,0.72651,0.56329,,
0,0.00026778,-0.436,0.2573,2.0682,-2.5254,-0.20165,-0.68681,,
0,0.00027268,-0.23697,0.28575,-1.5985,-2.0976,-0.69377,-0.49411,,
0,0.00027774,0.60473,0.31416,0.99118,-0.23276,0.24515,0.99261,,
0,0.00028298,0.038499,0.34252,1.0433,-1.7767,0.6998,0.12256,,
0,0.00028841,-0.67088,0.37083,-0.10079,-0.61591,0.23469,0.89948,,
0,0.00029403,0.055342,0.39909,-0.94775,-0.50053,-1.1151,-0.10472,,
0,0.00029985,0.71837,0.42728,-0.34661,-0.34358,0.1792,1.0147,,
0,0.0003059,-0.017394,0.45541,-0.33626,0.28041,1.3591,0.79946,,
0,0.00031218,-0.76412,0.48347,0.57817,0.071101,-0.15837,1.003,,
0,0.0003187,-0.16523,0.51146,0.24411,0.80317,1.8631,1.6887,,
0,0.00032548,0.74816,0.53937,0.71628,-0.16058,0.39594,1.4146,,
0,0.00033254,0.47489,0.5672,-0.079975,1.0869,0.29833,-0.97685,,
0,0.00033989,-0.55097,0.59494,0.58579,0.81832,-0.7552,2.4238,,
0,0.00034756,-0.79616,0.6226,-0.097557,0.21677,-0.95519,-0.62274,,
0,0.00035556,0.077072,0.65016,1.7925,1.9381,1.2296,-1.1179,,
0,0.00036391,0.8736,0.67762,-0.70486,-0.098431,1.9096,1.6368,,
0,0.00037264,0.57044,0.70498,0.73296,0.49443,4.6609,-0.077695,,
0,0.00038177,-0.43939,0.73223,2.2555,0.11586,0.90636,-1.1671,,
0,0.00039134,-0.96019,0.75937,-0.58129,1.3185,-3.0787,0.71609,,
0,0.00040137,-0.42228,0.7864,0.070611,-1.2977,-1.0864,2.6299,,
0,0.0004119,0.57579,0.81331,0.7692,-0.8989,0.84618,1.7111,,
0,0.00042297,1.0076,0.8401,0.090374,-0.31204,0.29962,1.5351,,
0,0.0004346,0.46912,0.86676,0.95402,-0.13198,0.14182,-0.20376,,
0,0.00044686,-0.51279,0.89329,0.29615,-0.18584,-0.60325,0.085368,,
0,0.00045978,-1.0544,0.91968,1.367,-0.49226,-1.4999,1.8443,,
0,0.00047342,-0.70942,0.94594,-0.21625,-0.85315,-2.521,2.2752,,
0,0.00048783,0.21509,0.97205,-1.7283,-1.5269,0.23896,2.0882,,
0,0.00050309,0.98301,0.99802,0.78933,-1.6216,-0.00045022,1.5557,,
0,0.00051926,1.0283,1.0238,-0.3602,0.78073,1.3291,0.001437,,
0,0.00053642,0.34207,1.0495,0.047137,-2.0925,-2.1681,0.86408,,
0,0.00055466,-0.58333,1.075,0.63114,0.30755,-0.43958,2.3096,,
0,0.00057408,-1.1346,1.1003,-1.9397,0.068644,-1.3088,2.5163,,
0,0.00059478,-0.9786,1.1255,-0.35928,0.46297,-0.61459,1.5299,,
0,0.00061687,-0.2331,1.1505,0.58748,-1.0723,-0.76602,1.2645,,
0,0.0006405,0.65127,1.1753,-2.2806,0.24071,-0.44122,1.5268,,
0,0.00066582,1.1796,1.2,-1.1169,0.0078774,1.0161,0.73151,,
0,0.00069298,1.0829,1.2245,-0.81649,0.82402,1.3101,2.0906,,
0,0.00072219,0.43253,1.2488,-0.48533,-0.6042,-0.46078,1.4844,,
0,0.00075364,-0.43272,1.2729,0.66502,1.8614,-1.5277,1.7548,,
0,0.00078757,-1.0966,1.2968,-1.3283,1.071,-1.5383,1.158,,
0,0.00082427,-1.2646,1.3205,-0.12616,0.18772,-2.968,1.6508,,
0,0.00086402,-0.88088,1.344,0.63291,0.029227,-2.7101,0.73425,,
0,0.00090718,-0.12617,1.3673,0.46998,-0.94577,-2.0121,2.9921,,
0,0.00095414,0.68094,1.3904,0.063516,0.60895,1.0014,1.1216,,
0,0.0010054,1.224,1.4133,0.55625,0.54681,1.3969,2.1328,,
0,0.0010613,1.3086,1.436,1.5756,0.85288,1.3677,-0.5074,,
0,0.0011227,0.92021,1.4584,0.12563,-0.016791,4.1491,2.4668,,
0,0.0011901,0.211,1.4807,1.6256,0.9088,0.66162,1.1243,,
0,0.0012643,-0.56934,1.5027,1.7998,-0.60704,0.066477,2.1361,,
0,0.0013462,-1.1653,1.5245,-0.48137,-1.5606,-1.3557,1.1085,,
0,0.001437,-1.3971,1.5461,-0.39254,-1.0176,-3.02,2.2416,,
0,0.0015379,-1.2075,1.5674,0.60741,1.4807,0.10187,1.0444,,
0,0.0016503,-0.66642,1.5885,-0.75157,0.64766,0.49859,1.1683,,
0,0.0017759,0.061523,1.6093,-1.6554,-1.2467,0.51352,0.65253,,
0,0.0019167,0.7721,1.63,0.27174,-0.24475,-1.2651,0.13466,,
0,0.0020753,1.2794,1.6503,0.43544,0.33989,1.9662,2.0865,,
0,0.0022544,1.4618,1.6704,0.19721,-0.26619,1.7983,2.7901,,
0,0.0024575,1.2858,1.6903,-0.962,1.5764,3.4188,1.8586,,
0,0.0026888,0.80552,1.7099,-0.3922,-0.047246,0.86892,1.0597,,
0,0.0029532,0.1415,1.7293,1.0303,-0.31607,-0.55019,0.58906,,
0,0.0032569,-0.55267,1.7483,0.17998,-0.55531,-1.491,0.77714,,
0,0.0036073,-1.1269,1.7672,-0.19327,-0.43551,-1.4308,3.5592,,
0,0.0040137,-1.4661,1.7857,-0.57406,-0.11152,-1.9039,1.8942,,
0,0.0044875,-1.5098,1.804,-0.36318,-2.0394,-0.4321,0.72865,,
0,0.0050429,-1.2596,1.822,0.029741,0.87059,1.0032,0.7075,,
0,0.0056979,-0.7726,1.8398,0.30411,-0.1618,-1.9989,1.1008,,
0,0.0064752,-0.14567,1.8573,-0.7021,1.6508,-0.33575,1.6469,,
0,0.0074039,0.5054,1.8744,-0.99578,1.1409,0.29251,3.9175,,
0,0.0085216,1.068,1.8913,0.04383,-1.1549,-0.71901,1.9423,,
0,0.0098772,1.4514,1.908,0.16304,0.57183,1.6268,0.66623,,
0,0.011535,1.5996,1.9243,0.034175,-1.0598,1.0951,1.2035,,
0,0.013581,1.497,1.9403,-0.61575,-1.0247,0.88578,0.9589,,
0,0.016131,1.1675,1.9561,-1.66,-0.34384,2.3494,3.3176,,
0,0.019342,0.66705,1.9715,-0.17172,-1.4466,1.3265,4.007,,
0,0.023433,0.072788,1.9867,0.86575,-1.1171,-0.65443,3.5504,,
0,0.028712,-0.52967,2.0015,1.8107,0.17718,0.33791,1.666,,
0,0.035618,-1.0588,2.0161,0.5167,-1.2611,-1.4284,3.2439,,
0,0.044793,-1.4475,2.0303,0.33607,-1.5422,-2.0667,1.9952,,
0,0.057187,-1.6508,2.0443,0.46281,1.4748,-1.6665,1.9231,,
0,0.074248,-1.6495,2.0579,0.10803,1.1135,-2.6646,0.97859,,
0,0.098219,-1.45,2.0712,-0.81247,1.2324,-1.8552,1.8325,,
0,0.13268,-1.082,2.0842,-0.60956,0.66045,-1.5988,1.3113,,
0,0.18345,-0.59258,2.0969,-1.1479,0.11271,-0.87551,1.8735,,
0,0.26028,-0.039506,2.1093,-0.14573,1.5808,-0.16036,1.4802,,
0,0.37971,0.51578,2.1214,0.18402,2.0499,2.4895,1.7944,,
0,0.56987,1.0152,2.1331,0.84055,0.052755,1.7867,0.55767,,
0,0.87683,1.4096,2.1445,-0.40861,2.9073,0.9186,2.6861,,
0,1.3661,1.6632,2.1556,-0.95864,-0.29971,2.6042,0.8838,,
0,2.0936,1.7558,2.1664,0.32682,0.49885,2.5793,2.5132,,
0,3.0045,1.6836,2.1768,-1.4364,2.4197,2.6373,1.5616,,
0,3.8392,1.4582,2.1869,-1.043,3.317,1.5078,1.3488,,
0,4.3273,1.1042,2.1967,-1.6052,4.8377,-0.23885,0.34859,,
0,4.4858,0.65613,2.2062,0.059029,5.202,1.2767,1.9091,,
0,4.505,0.15451,2.2153,0.32709,3.7949,0.51901,3.1386,,
3.4959,4.5042,-0.3578,2.2241,2.4873,5.4553,-1.355,3.9108,,
3.4959,4.4523,-0.83945,2.2325,3.2623,5.1503,1.0328,2.7798,,
3.4959,4.1833,-1.2537,2.2406,4.1438,2.7294,-1.6002,0.97628,,
3.4959,3.5414,-1.5711,2.2484,3.7286,4.1268,-0.73628,2.0388,,
3.4959,2.6372,-1.7707,2.2559,3.2178,3.7144,-2.7869,3.3657,,
3.4959,1.7818,-1.8416,2.263,3.5591,0.76353,-0.43442,2.7746,,
3.4959,1.1546,-1.7825,2.2697,3.3253,0.60123,-2.0523,1.6542,,
3.4959,0.74931,-1.6012,2.2761,2.2131,1.748,-2.1321,2.5124,,
3.4959,0.499,-1.3132,2.2822,4.0028,2.6948,-0.46248,3.1911,,
3.4959,0.34522,-0.94061,2.2879,4.2719,-0.0017479,-1.1748,1.9098,,
3.4959,0.25002,-0.50949,2.2933,3.7489,-0.074183,1.1934,1.5508,,
3.4959,0.19093,-0.048426,2.2983,3.8474,0.72031,1.7869,1.4982,,
3.4959,0.15502,0.41365,2.303,3.8911,-0.10248,0.53498,2.8256,,
3.4959,0.135,0.84924,2.3073,3.8383,-0.72535,3.3294,2.8078,,
3.4959,0.127,1.2338,2.3113,3.0414,-1.122,0.63607,1.83,,
3.4959,0.12941,1.5469,2.315,3.8963,-1.5298,0.70971,0.80583,,
3.4959,0.14243,1.7731,2.3183,3.9912,2.0173,0.49694,2.4319,,
3.4959,0.16809,1.9027,2.3212,4.8728,0.58057,0.66172,2.0567,,
3.4959,0.21076,1.9313,2.3238,1.8052,0.52584,2.353,2.4086,,
3.4959,0.27844,1.8603,2.326,1.964,0.61586,1.448,3.7514,,
3.4959,0.38509,1.6959,2.3279,4.1515,-0.41056,2.4567,2.6341,,
3.4959,0.55487,1.4488,2.3295,4.6287,1.0895,1.7545,1.4999,,
3.4959,0.82886,1.1329,2.3307,3.8121,2.0208,0.50037,4.4776,,
3.4959,1.2727,0.7652,2.3315,2.2985,-0.35565,0.3201,1.661,,
3.4959,1.9717,0.36384,2.332,2.9236,2.3344,-0.49262,1.8415,,
3.4959,2.9709,-0.052153,2.3321,4.5096,3.1363,0.15772,2.8864,,
3.4959,4.1253,-0.46407,2.3319,4.7281,4.4265,-0.70294,0.96519,,
3.4959,5.0587,-0.85425,2.3313,4.2036,5.0479,-0.026966,2.4716,,
3.4959,5.5231,-1.2068,2.3304,2.0239,5.9195,-4.2353,2.2908,,
3.4959,5.6443,-1.5082,2.3291,3.9485,4.5397,0.32112,4.3918,,
-0.87398,5.6565,-1.7476,2.3275,-2.8171,6.1559,-2.8717,3.5791,,
-0.87398,5.6535,-1.9171,2.3255,-0.64778,5.848,-1.0887,2.7212,,
-0.87398,5.5384,-2.0119,2.3232,-0.99423,5.1816,-3.8692,1.2361,,
-0.87398,5.077,-2.0304,2.3205,-0.11542,5.5655,-1.3701,2.8411,,
-0.87398,4.1502,-1.9738,2.3175,-1.0019,3.6193,-3.1812,1.9609,,
-0.87398,3.0143,-1.846,2.3141,-1.9098,2.5404,0.49465,1.7878,,
-0.87398,2.0453,-1.6535,2.3104,-1.1747,2.4985,-1.6171,0.45087,,
-0.87398,1.3858,-1.4045,2.3063,-0.99663,0.95101,-1.3047,0.015713,,
-0.87398,0.99332,-1.1088,2.3019,-2.3708,-0.55708,-1.9036,2.6489,,
-0.87398,0.78973,-0.77757,2.2971,-0.56608,-0.81417,-1.1597,2.7474,,
-0.87398,0.72095,-0.42244,2.292,-1.7561,-0.065872,-0.38921,1.914,,
-0.87398,0.76319,-0.055357,2.2865,0.24064,2.6311,-0.031562,2.9214,,
-0.87398,0.91701,0.31186,2.2807,-0.38768,3.2142,0.13846,2.5974,,
-0.87398,1.1986,0.66795,2.2745,-1.3735,1.1318,-0.66559,0.88799,,
-0.87398,1.6216,1.0024,2.2681,-1.9888,0.066426,-0.16788,1.0396,,
-0.87398,2.1589,1.306,2.2612,-2.5561,2.1639,1.7381,3.4385,,
-0.87398,2.7051,1.5706,2.254,0.020385,3.395,1.9986,2.7122,,
-0.87398,3.1169,1.7897,2.2465,0.44289,5.6903,0.94638,1.9284,,
-0.87398,3.3304,1.9582,2.2387,-0.60721,5.0562,3.6878,1.1928,,
-0.87398,3.3965,2.0728,2.2305,-1.4639,2.9957,2.0971,2.4892,,
-0.87398,3.4015,2.1318,2.2219,-0.39769,2.2037,3.5954,2.4675,,
1.748,3.3972,2.1348,2.2131,1.8017,2.9041,1.4378,0.36094,,
1.748,3.3805,2.0831,2.2038,2.0213,2.248,3.6855,3.1469,,
1.748,3.294,1.9794,2.1943,3.4738,4.6233,2.237,2.2554,,
1.748,3.0499,1.8273,2.1844,1.5448,2.6263,2.4815,2.5189,,
1.748,2.6052,1.6317,2.1742,1.8653,2.4268,0.35593,0.85333,,
1.748,2.0346,1.3982,2.1637,0.57347,1.1599,1.4828,3.811,,
1.748,1.4802,1.1333,2.1529,1.0258,2.1398,3.0137,2.9888,,
1.748,1.036,0.84359,2.1417,2.7757,0.11301,0.86758,1.3157,,
1.748,0.71753,0.53626,2.1302,1.1985,1.4438,0.61807,1.9261,,
1.748,0.50067,0.21845,2.1184,-0.097167,-0.49696,1.1597,1.5022,,
1.748,0.35522,-0.10271,2.1062,2.3106,0.63388,0.60208,2.5225,,
1.748,0.25725,-0.42031,2.0938,2.3244,-0.22684,-0.50772,2.901,,
1.748,0.19036,-0.72782,2.081,2.2661,0.92938,-0.42852,2.4496,,
1.748,0.14388,-1.0192,2.0679,2.5752,-0.58615,-0.27946,2.5411,,
1.748,0.11101,-1.2888,2.0545,1.0794,-0.61227,-1.2827,2.5903,,
1.748,0.087329,-1.532,2.0408,2.1058,-0.91594,-2.5525,0.96027,,
1.748,0.069994,-1.7445,2.0268,1.4954,-0.059315,-0.60517,2.7396,,
1.748,0.057114,-1.923,2.0125,2.1858,-0.44213,-1.6954,1.1407,,
1.748,0.047417,-2.0649,1.9978,0.87249,-0.50722,-1.9957,2.6132,,
1.748,0.040036,-2.1684,1.9829,2.0149,0.97355,-1.0312,0.88856,,
1.748,0.034367,-2.2325,1.9677,1.5408,1.3278,-4.0184,3.0676,,
1.748,0.029984,-2.2569,1.9522,3.6901,-0.32113,-1.0475,2.3723,,
1.748,0.026582,-2.2419,1.9363,1.6301,1.9393,-2.0712,2.7288,,
1.748,0.023939,-2.1889,1.9202,2.1692,0.87148,-1.6837,1.2452,,
1.748,0.021894,-2.0994,1.9038,2.2078,1.7518,-1.1447,2.6886,,
1.748,0.020327,-1.9757,1.8871,1.2462,-0.98637,-3.5694,1.1346,,
1.748,0.019147,-1.8205,1.8702,2.9321,-0.48514,0.10668,1.4971,,
1.748,0.018288,-1.6371,1.8529,2.1557,0.95434,-1.7717,1.5822,,
1.748,0.0177,-1.4288,1.8354,2.7759,0.68546,-3.7007,2.3466,,
1.748,0.017345,-1.1995,1.8176,1.0705,1.3655,-2.841,3.0973,,
1.748,0.017196,-0.95298,1.7995,0.9391,0.35865,0.31975,1.5653,,
1.748,0.017233,-0.69338,1.7811,2.2904,0.3805,-0.51327,1.5745,,
1.748,0.017441,-0.42475,1.7625,2.4328,-0.30177,-0.47867,2.0708,,
1.748,0.017814,-0.15115,1.7436,2.3646,-0.53101,0.16016,1.0708,,
1.748,0.018347,0.12343,1.7244,2.729,0.66318,-0.85259,3.1794,,
1.748,0.019039,0.39515,1.705,1.8208,0.20634,0.76018,2.7596,,
1.748,0.019896,0.66034,1.6854,1.6397,-0.016309,0.1502,2.6277,,
1.748,0.020925,0.91555,1.6654,0.6994,0.52234,1.1771,1.2016,,
1.748,0.022138,1.1576,1.6453,1.8404,-0.72987,2.7581,0.061027,,
1.748,0.023548,1.3836,1.6248,2.3126,-0.98397,2.015,0.76019,,
1.748,0.025177,1.591,1.6042,3.0019,0.68686,2.9951,2.0298,,
1.748,0.027049,1.7775,1.5832,1.0203,0.31203,2.9557,0.94546,,
1.748,0.029194,1.9412,1.5621,2.2301,-1.7296,2.0415,1.873,,
1.748,0.031648,2.0806,1.5407,2.4914,-0.714,1.91,0.86599,,
1.748,0.034456,2.1946,1.5191,2.8449,-1.9666,2.9055,1.7208,,
1.748,0.037672,2.2822,1.4972,1.6155,0.72248,1.1142,1.3107,,
1.748,0.04136,2.3429,1.4751,0.66717,0.50786,2.213,1.8689,,
1.748,0.045599,2.3767,1.4528,1.3294,0.19857,2.9183,-0.21378,,
1.748,0.050484,2.3836,1.4303,0.95717,0.53496,2.9403,2.7476,,
1.748,0.056134,2.3641,1.4076,1.7304,-0.61134,1.7556,1.2092,,
1.748,0.06269,2.319,1.3846,0.1073,-0.41266,2.5468,1.7691,,
1.748,0.070328,2.2492,1.3615,1.0883,0.11955,2.2567,3.2207,,
1.748,0.079268,2.1559,1.3381,1.1568,1.1505,0.99928,1.3491,,
1.748,0.08978,2.0406,1.3146,2.5167,0.63896,1.1237,2.4609,,
1.748,0.10221,1.905,1.2908,2.7271,0.047443,1.4713,0.96292,,
1.748,0.11697,1.7507,1.2669,2.2721,1.2387,2.819,2.293,,
1.748,0.13462,1.5797,1.2427,1.0906,0.088345,2.3047,1.708,,
1.748,0.15585,1.3939,1.2184,1.1655,-0.43634,2.7182,1.2271,,
1.748,0.18155,1.1955,1.1939,0.034715,1.089,2.076,0.90956,,
1.748,0.21286,0.98659,1.1692,3.0714,0.5281,1.3227,1.723,,
1.748,0.25129,0.76932,1.1443,-0.096313,-0.84841,0.80103,0.20732,,
1.748,0.29876,0.54586,1.1192,2.5772,-0.79424,0.75172,0.20431,,
1.748,0.35781,0.31837,1.094,0.6044,-0.37385,1.6255,2.0745,,
1.748,0.43177,0.088966,1.0686,1.8009,1.3357,0.35756,1.7267,,
1.748,0.52491,-0.14029,1.0431,1.5164,1.1272,0.88378,1.6106,,
1.748,0.64275,-0.3674,1.0174,2.5356,0.6983,-0.40117,0.62812,,
1.748,0.7922,-0.59046,0.99154,3.1461,0.61345,-2.6813,1.0022,,
1.748,0.98155,-0.80765,0.96554,1.4927,1.1744,-1.1237,-0.49728,,
1.748,1.22,-1.0173,0.93939,3.0778,2.5704,-0.88434,-0.36554,,
1.748,1.5162,-1.2177,0.9131,0.31725,2.2693,-1.8828,1.3276,,
1.748,1.8756,-1.4076,0.88667,0.40093,1.3392,-1.4544,-0.18644,,
1.748,2.2954,-1.5856,0.86011,2.3984,2.1113,-3.0898,0.99682,,
1.748,2.7597,-1.7504,0.83341,2.2925,3.2948,-2.4237,-0.72476,,
1.748,3.2366,-1.9011,0.8066,1.9,2.8581,-2.7015,0.36015,,
1.748,3.6832,-2.0368,0.77966,0.10326,4.8085,-2.265,-0.15904,,
1.748,4.0588,-2.1566,0.7526,2.5209,4.4105,-1.6965,1.3089,,
1.748,4.3402,-2.2601,0.72543,2.9689,5.7749,-1.6937,0.73483,,
1.748,4.5284,-2.3468,0.69815,1.9007,4.2897,-1.3001,0.97049,,
1.748,4.6435,-2.4162,0.67076,1.5772,4.24,-1.4077,-0.47527,,
1.748,4.7137,-2.4683,0.64328,0.70661,6.7125,-2.9039,-0.54504,,
1.748,4.7654,-2.503,0.61569,1.5354,3.1905,-0.96826,-0.64211,,
1.748,4.818,-2.5203,0.58802,2.7845,4.0677,-2.427,1.6588,,
-1.748,4.8819,-2.5205,0.56025,-1.6607,5.7176,-3.5089,1.1632,,
-1.748,4.9587,-2.5039,0.5324,-1.7584,6.2575,-3.4469,0.72024,,
-1.748,5.0414,-2.4708,0.50447,-1.1839,3.8694,-3.4268,-0.28442,,
-1.748,5.1151,-2.4217,0.47646,-2.5147,5.9326,-3.7082,-0.59925,,
-1.748,5.1611,-2.3574,0.44839,-2.137,5.966,-1.0615,1.4397,,
-1.748,5.1636,-2.2784,0.42024,-2.9935,6.4934,-2.5412,0.917,,
-1.748,5.1214,-2.1854,0.39203,-3.3383,5.8943,-1.1729,-0.70589,,
-1.748,5.0555,-2.0794,0.36376,-2.1038,5.4127,-2.5929,2.0123,,
-1.748,5.0077,-1.9612,0.33544,-0.87284,4.2001,-0.53256,-1.4286,,
-1.748,5.0237,-1.8317,0.30706,-2.1636,6.3274,-1.4845,0.63255,,
-1.748,5.1317,-1.6919,0.27864,-0.85803,5.8703,-2.6364,0.95352,,
-1.748,5.3259,-1.5428,0.25018,-2.5887,4.3993,-0.74492,0.40359,,
-1.748,5.5672,-1.3854,0.22168,-1.856,6.211,-0.78153,-0.74312,,
-1.748,5.7994,-1.2207,0.19315,-2.4899,5.0603,-2.7802,0.44647,,
-1.748,5.9735,-1.0499,0.16459,-1.2959,4.6503,-2.4456,-0.047254,,
-1.748,6.0671,-0.87391,0.136,-1.1798,5.6305,-0.73521,0.33796,,
-1.748,6.0858,-0.69385,0.10739,-2.2897,6.136,-1.396,-0.20764,,
-1.748,6.053,-0.51076,0.078765,-2.605,7.2364,-1.0313,0.59248,,
-1.748,5.996,-0.32568,0.050129,-4.6392,5.7758,0.43844,-0.45138,,
-1.748,5.9361,-0.13961,0.021485,-3.2234,6.0582,0.15892,-1.2778,,
2.6219,5.8849,0.046464,-0.0071618,3.4887,6.2336,1.0992,0.90245,,
2.6219,5.8424,0.23157,-0.035808,4.6366,4.6744,0.52735,0.9409,,
2.6219,5.7973,0.41479,-0.064448,3.033,5.5019,1.8735,0.7747,,
2.6219,5.7267,0.59524,-0.093079,2.6597,5.3939,0.24305,-1.6954,,
2.6219,5.5986,0.77206,-0.1217,3.1571,4.8766,0.91333,0.32014,,
2.6219,5.3783,0.94445,-0.15029,0.96376,4.1853,0.88066,-1.2357,,
2.6219,5.0404,1.1117,-0.17887,3.6789,3.9332,1.2444,0.71424,,
2.6219,4.5827,1.273,-0.20742,2.8049,4.2449,0.1813,0.73835,,
2.6219,4.0334,1.4277,-0.23594,1.7823,3.3819,2.1231,0.77833,,
2.6219,3.4432,1.5753,-0.26442,2.6258,4.9031,0.93647,1.5533,,
2.6219,2.866,1.7151,-0.29286,2.6868,2.1503,0.70345,-1.7196,,
2.6219,2.3425,1.8466,-0.32126,2.7232,2.3686,4.4096,0.065722,,
2.6219,1.8936,1.9695,-0.34961,3.5763,1.5201,0.93301,1.2285,,
2.6219,1.5233,2.0833,-0.3779,2.7466,3.1105,-0.21288,-0.34606,,
2.6219,1.2253,2.1876,-0.40614,2.7401,2.6692,1.8959,-0.37884,,
2.6219,0.98877,2.2822,-0.43432,4.068,0.42816,1.4038,-1.1355,,
2.6219,0.80233,2.3668,-0.46243,0.3512,1.5235,4.1753,0.64677,,
2.6219,0.65557,2.4411,-0.49048,3.0159,0.011076,2.9493,-0.22462,,
2.6219,0.53982,2.5052,-0.51845,1.1865,1.4563,2.7811,0.69335,,
2.6219,0.44814,2.5588,-0.54634,2.8469,2.6115,2.154,-1.5787,,
2.6219,0.37514,2.6019,-0.57414,4.1857,0.021865,2.5436,-1.4049,,
2.6219,0.31666,2.6345,-0.60187,0.92452,-0.46541,0.82521,-0.55974,,
2.6219,0.26951,2.6567,-0.6295,2.7329,-0.9386,1.9991,-0.43575,,
2.6219,0.23126,2.6685,-0.65703,1.8485,1.3726,3.7693,-1.6058,,
2.6219,0.20002,2.67,-0.68447,3.454,0.76969,1.4698,-0.31489,,
2.6219,0.17435,2.6615,-0.7118,2.9381,1.018,1.884,-0.98996,,
2.6219,0.15316,2.643,-0.73903,1.4168,-0.080075,3.1543,0.53282,,
2.6219,0.13556,2.6149,-0.76614,3.2342,-0.76644,2.9328,-0.71078,,
2.6219,0.12088,2.5773,-0.79314,3.4222,-0.46799,3.3609,-0.5299,,
2.6219,0.10858,2.5305,-0.82002,1.6722,-0.51035,3.461,-1.7149,,
2.6219,0.098243,2.475,-0.84678,2.0353,-0.78744,2.1455,-2.5218,,
2.6219,0.089526,2.4109,-0.8734,4.0221,0.10292,4.784,-3.198,,
2.6219,0.082158,2.3387,-0.8999,2.272,-0.20037,2.2018,1.1093,,
2.6219,0.075922,2.2587,-0.92626,3.5152,1.1775,3.1447,-0.33077,,
2.6219,0.07064,2.1713,-0.95248,4.119,-0.42333,2.0364,0.53327,,
2.6219,0.066167,2.077,-0.97856,3.5593,0.86866,2.3364,-1.1254,,
2.6219,0.062384,1.9762,-1.0045,4.026,-0.94558,0.5228,-2.5663,,
2.6219,0.059196,1.8692,-1.0303,2.1734,1.9813,2.2412,-2.1683,,
2.6219,0.05652,1.7566,-1.0559,3.5142,0.22465,1.4607,-2.2378,,
2.6219,0.054291,1.6388,-1.0813,4.1417,0.028105,0.16172,-3.4858,,
2.6219,0.052453,1.5162,-1.1066,3.7812,-0.3522,1.7949,-0.4212,,
2.6219,0.05096,1.3893,-1.1318,4.4364,-0.48589,-0.92675,-2.0833,,
2.6219,0.049773,1.2586,-1.1567,0.92054,-0.43596,1.6432,-0.85967,,
2.6219,0.048859,1.1246,-1.1815,3.4236,-0.30471,2.1415,-1.0365,,
2.6219,0.048193,0.98764,-1.2061,2.8106,1.3394,0.36956,-1.8738,,
2.6219,0.047752,0.84824,-1.2306,2.8619,0.58302,1.2768,0.038436,,
2.6219,0.047516,0.70686,-1.2548,3.7856,0.055791,1.0246,-0.94333,,
2.6219,0.047471,0.56394,-1.2789,2.6333,-0.95923,-0.10316,-2.8099,,
2.6219,0.047602,0.41991,-1.3027,3.2452,-1.6497,0.50618,-1.39,,
2.6219,0.047901,0.27523,-1.3264,1.7405,1.8641,-0.91002,-1.0298,,
2.6219,0.048358,0.1303,-1.3498,2.8002,-0.09688,0.81748,-1.8518,,
2.6219,0.048966,-0.014456,-2.5392,3.1954,-0.090662,0.96205,-2.2043,,
2.6219,0.049721,-0.15863,-2.5622,2.663,-1.0821,-0.18782,-1.289,,
2.6219,0.050619,-0.30184,-2.585,2.1711,0.66324,-0.83091,-2.1414,,
2.6219,0.051656,-0.4437,-2.6077,3.6169,-0.85448,1.5438,-1.5042,,
2.6219,0.052833,-0.58385,-2.6301,4.2059,0.93727,-2.3118,-0.70881,,
2.6219,0.054149,-0.72194,-2.6523,3.0887,-2.3059,0.71509,-0.98923,,
2.6219,0.055605,-0.85763,-2.6742,1.4365,0.47649,0.031214,-2.3229,,
2.6219,0.057202,-0.99059,-2.696,2.6488,0.24066,0.13629,-1.0654,,
2.6219,0.058943,-1.1205,-2.7175,2.5213,0.55975,0.18899,-4.2537,,
2.6219,0.060831,-1.2472,-2.7387,0.087658,-0.26935,-3.7586,-2.6995,,
2.6219,0.062872,-1.3702,-2.7598,2.3359,-2.3507,-0.89977,-2.1291,,
2.6219,0.06507,-1.4894,-2.7806,3.2537,-0.89777,-1.4506,-2.4402,,
2.6219,0.067431,-1.6045,-2.8011,3.3283,2.7825,-1.5662,-3.0729,,
2.6219,0.069963,-1.7153,-2.8214,0.60305,1.0484,-2.4399,-4.9282,,
2.6219,0.072674,-1.8216,-2.8415,2.3493,-0.72676,-3.4439,-2.805,,
2.6219,0.075572,-1.9231,-2.8613,3.4412,0.55956,-2.8896,-4.1111,,
2.6219,0.078668,-2.0198,-2.8808,1.9889,0.54391,-1.6473,-3.4992,,
2.6219,0.081972,-2.1114,-2.9001,3.3062,-2.3853,-2.0518,-2.0689,,
2.6219,0.085498,-2.1979,-2.9191,1.5858,-0.23406,-1.6087,-3.7692,,
2.6219,0.089257,-2.279,-2.9379,3.5704,-1.9399,-1.4972,-2.0948,,
2.6219,0.093265,-2.3547,-2.9564,4.0311,1.2553,-3.4658,-3.7246,,
2.6219,0.097538,-2.4249,-2.9746,3.4356,1.0467,-2.4399,-1.0282,,
2.6219,0.10209,-2.4895,-2.9926,2.4437,1.5877,-1.9847,-1.9447,,
2.6219,0.10695,-2.5484,-3.0102,2.5767,2.151,-3.3745,-4.1245,,
2.6219,0.11213,-2.6017,-3.0276,1.9824,0.19216,-1.1406,-2.2868,,
2.6219,0.11765,-2.6492,-3.0447,2.1836,-0.41008,-1.7707,-0.77512,,
2.6219,0.12355,-2.6909,-3.0616,3.245,0.4196,-3.0695,-5.7104,,
2.6219,0.12984,-2.7268,-3.0781,2.7042,0.34982,-2.6347,-3.5653,,
2.6219,0.13656,-2.757,-3.0944,2.7726,-0.029883,-2.1362,-4.3748,,
2.6219,0.14374,-2.7814,-3.1103,3.4881,-0.037142,-3.4359,-2.7725,,
2.6219,0.15141,-2.8001,-3.126,3.2039,-0.86923,-4.6861,-2.2469,,
2.6219,0.15961,-2.8131,-3.1414,2.8517,0.20533,-2.3836,-2.9461,,
2.6219,0.16839,-2.8205,-3.1565,3.6082,-1.1819,-2.7499,-3.1491,,
2.6219,0.17779,-2.8223,-3.1712,2.6879,0.44188,-4.0328,-2.8394,,
2.6219,0.18786,-2.8187,-3.1857,1.3327,0.80659,-1.4542,-4.2497,,
2.6219,0.19865,-2.8096,-3.1999,2.5303,0.86883,-2.2854,-4.2118,,
2.6219,0.21023,-2.7952,-3.2138,4.4968,1.1095,-2.846,-2.4373,,
2.6219,0.22266,-2.7755,-3.2273,2.3926,0.75171,-2.2059,-3.7674,,
2.6219,0.23601,-2.7508,-3.2406,1.4453,1.1165,-2.652,-1.7324,,
2.6219,0.25036,-2.7211,-3.2535,2.8148,0.23742,-3.3315,-2.2388,,
2.6219,0.26579,-2.6865,-3.2661,2.1755,-0.11747,-4.4,-4.2254,,
2.6219,0.2824,-2.6471,-3.2784,3.4656,1.6782,-3.0757,-2.9079,,
2.6219,0.3003,-2.6032,-3.2904,3.8247,-1.5444,-2.256,-2.5643,,
2.6219,0.31958,-2.5548,-3.302,2.534,-0.78934,-3.5397,-3.1077,,
2.6219,0.34038,-2.5021,-3.3134,3.6113,-0.45635,-3.5196,-3.9019,,
2.6219,0.36283,-2.4452,-3.3244,2.2849,0.9495,-1.092,-2.2844,,
2.6219,0.38708,-2.3843,-3.3351,2.116,-0.98273,-1.7024,-0.22646,,
2.6219,0.41328,-2.3195,-3.3454,1.1752,0.36907,-1.5974,-3.2747,,
2.6219,0.4416,-2.2511,-3.3555,2.1669,0.94338,-4.3996,-2.8338,,
2.6219,0.47225,-2.1791,-3.3652,4.0356,0.13779,-2.7301,-1.7481,,
2.6219,0.50541,-2.1038,-3.3745,2.902,1.1811,-0.8905,-3.8313,,
2.6219,0.54132,-2.0253,-3.3836,1.9692,1.1779,-1.6862,-4.2337,,
2.6219,0.58022,-1.9438,-3.3923,2.0163,2.9669,-3.9884,-3.2356,,
2.6219,0.62236,-1.8595,-3.4007,2.1463,-0.7868,-0.9719,-5.5718,,
2.6219,0.66803,-1.7725,-3.4087,3.4934,0.13244,-1.6832,-4.2585,,
2.6219,0.71752,-1.683,-3.4164,2.6353,1.6971,-0.63047,-4.321,,
2.6219,0.77114,-1.5913,-3.4237,2.8096,0.62055,-3.3377,-2.4059,,
2.6219,0.82923,-1.4973,-3.4307,2.7875,0.57371,-0.59155,-3.9437,,
2.6219,0.89213,-1.4015,-3.4374,2.5101,0.18627,-1.8284,-4.3403,,
2.6219,0.96021,-1.3038,-3.4437,0.97975,2.1274,-0.86075,-3.9567,,
2.6219,1.0338,-1.2045,-3.4497,3.9867,1.8063,-3.2008,-4.0057,,
2.6219,1.1133,-1.1038,-3.4553,1.0363,1.9869,-0.5737,-2.2269,,
2.6219,1.1991,-1.0018,-3.4606,-0.0085242,1.3987,-3.3886,-3.8204,,
2.6219,1.2914,-0.89875,-3.4656,2.1744,-0.49713,-0.58024,-4.4443,,
2.6219,1.3906,-0.79474,-3.4702,3.3466,3.5181,-0.78907,-2.7467,,
2.6219,1.4969,-0.68995,-3.4744,2.5902,0.69867,-0.62627,-3.0748,,
2.6219,1.6105,-0.58456,-3.4783,2.3586,2.1693,0.27647,-2.7112,,
2.6219,1.7315,-0.47873,-3.4819,2.4672,3.3249,-0.88083,-4.0814,,
2.6219,1.8597,-0.3726,-3.4851,3.0115,2.0098,-0.78263,-4.8513,,
2.6219,1.9952,-0.26634,-3.4879,3.019,1.8799,-0.071315,-3.2147,,
2.6219,2.1373,-0.16009,-3.4905,3.4037,2.8509,1.234,-3.5454,,
2.6219,2.2858,-0.053997,-3.4926,1.8653,1.9431,-0.52175,-3.5452,,
2.6219,2.4397,0.051787,-3.4944,1.6751,1.7173,-0.66071,-3.967,,
2.6219,2.598,0.15713,-3.4959,3.4473,0.37416,-1.2876,-3.1413,,
2.6219,2.7597,0.26188,-3.497,2.31,2.5508,1.8595,-3.4029,,
2.6219,2.9233,0.36593,-3.4977,1.9207,3.0763,1.0827,-3.6802,,
2.6219,3.0872,0.46913,-3.4981,1.4723,4.5996,0.8881,-3.8566,,
2.6219,3.2497,0.57136,-3.4981,1.5855,3.9439,2.0112,-5.9278,,
2.6219,3.409,0.6725,-3.4978,2.2419,4.4498,0.89941,-2.2691,,
2.6219,3.5633,0.77244,-3.4972,3.1904,3.348,0.087489,-2.7358,,
2.6219,3.7109,0.87106,-3.4962,1.5249,5.1045,0.4991,-3.5552,,
2.6219,3.8503,0.96826,-3.4948,4.1468,4.774,1.6357,-1.1823,,
2.6219,3.9801,1.0639,-3.4931,4.1111,3.6334,3.0279,-2.2737,,
2.6219,4.0992,1.158,-3.491,3.8678,4.194,1.8653,-4.0252,,
2.6219,4.2069,1.2503,-3.4886,2.7265,2.7522,0.98903,-5.0793,,
2.6219,4.3028,1.3407,-3.4858,2.196,3.4393,1.3343,-4.5645,,
2.6219,4.3868,1.4293,-3.4827,3.6729,4.7446,1.8527,-4.6367,,
2.6219,4.4592,1.5159,-3.4793,2.6439,3.6475,1.2256,-2.9544,,
2.6219,4.5205,1.6005,-3.4754,2.904,4.3176,0.053693,-3.3923,,
2.6219,4.5714,1.6829,-3.4713,3.6881,5.8018,0.93975,-2.0029,,
2.6219,4.6129,1.763,-3.4668,0.84565,3.9176,1.062,-4.658,,
2.6219,4.6459,1.841,-3.4619,3.7807,4.5326,0.76329,-3.162,,
2.6219,4.6715,1.9165,-3.4567,2.1113,3.5953,1.39,-3.2533,,
2.6219,4.691,1.9897,-3.4511,0.90125,5.4255,2.0466,-3.8596,,
2.6219,4.7052,2.0604,-3.4453,2.3527,5.2598,1.09,-4.699,,
2.6219,4.7152,2.1287,-3.439,1.7005,3.213,1.83,-2.4041,,
2.6219,4.7221,2.1944,-3.4324,1.7469,3.8599,3.0677,-1.4023,,
2.6219,4.7265,2.2575,-3.4255,1.6633,4.1716,2.7587,-2.5411,,
2.6219,4.7292,2.318,-3.4182,3.2374,2.0811,2.7645,-2.7471,,
2.6219,4.7309,2.3758,-3.4106,1.8769,3.4627,2.22,-4.6191,,
2.6219,4.732,2.431,-3.4027,2.05,3.9447,2.9314,-2.7933,,
2.6219,4.7328,2.4834,-3.3944,2.7664,5.2839,1.7758,-1.8939,,
2.6219,4.7337,2.5331,-3.3858,1.2504,4.5052,2.4072,-2.5098,,
-1.0488,4.7346,2.5801,-3.3768,-0.16049,3.5978,0.30109,-3.2275,,
-1.0488,4.7356,2.6243,-3.3676,-3.6948,4.4757,2.9422,-3.656,,
-1.0488,4.7365,2.6657,-3.3579,-1.4374,5.4796,0.65975,-2.7734,,
-1.0488,4.7371,2.7043,-3.348,-1.6508,4.6054,1.9509,-4.3638,,
-1.0488,4.7369,2.7401,-3.3377,-0.33824,3.4183,4.0498,-4.7299,,
-1.0488,4.7355,2.7732,-3.3271,-0.64191,7.7426,4.4446,-5.0202,,
-1.0488,4.7322,2.8034,-3.3162,-0.45376,4.979,4.3665,-3.6114,,
-1.0488,4.7263,2.8309,-3.3049,-1.5534,6.2433,1.7401,-4.1494,,
-1.0488,4.717,2.8556,-3.2933,0.80665,7.4096,2.0921,-2.0906,,
-1.0488,4.7033,2.8775,-3.2814,-1.5238,5.9478,2.7394,-3.4503,,
-1.0488,4.6843,2.8966,-3.2692,-1.0453,4.5714,2.9387,-2.4371,,
-1.0488,4.659,2.913,-3.2567,-1.7437,2.6095,2.8155,-5.4863,,
-1.0488,4.6265,2.9266,-3.2438,0.22642,3.0911,3.7031,-3.8703,,
-1.0488,4.5859,2.9376,-3.2307,-2.004,4.1181,2.949,-4.1861,,
-1.0488,4.5365,2.9458,-3.2172,-2.4797,4.6856,3.9825,-2.4156,,
-1.0488,4.4777,2.9514,-3.2034,-1.361,6.2991,3.3266,-2.7099,,
-1.0488,4.4094,2.9544,-3.1893,1.0084,6.8076,3.2256,-0.30026,,
-1.0488,4.3315,2.9547,-3.1749,-1.3158,5.1895,2.4831,-1.1903,,
-1.0488,4.2448,2.9525,-3.1602,-1.8005,2.9917,3.4084,-1.6869,,
-1.0488,4.1502,2.9477,-3.1452,-1.038,3.9538,3.8425,-3.5566,,
-1.0488,4.0494,2.9404,-3.1299,-0.82321,6.2834,4.3009,-5.8433,,
-1.0488,3.9448,2.9306,-3.1143,-1.3424,3.9677,3.5019,-2.5246,,
-1.0488,3.8393,2.9184,-3.0984,-0.56619,3.7752,1.3602,-3.1647,,
-1.0488,3.7368,2.9038,-3.0822,-2.5904,2.7516,4.7542,-3.3674,,
-1.0488,3.642,2.8868,-3.0657,-2.4815,3.9844,2.3311,-1.3723,,
-1.0488,3.5602,2.8675,-3.049,-4.6046,3.0165,3.5726,-6.1019,,
-1.0488,3.4977,2.8459,-3.0319,-0.96799,3.9329,0.0053387,-3.5348,,
-1.0488,3.4611,2.8221,-3.0146,0.39416,4.5979,5.2856,-5.0877,,
-1.0488,3.4564,2.7962,-2.997,-0.81066,5.2221,1.6298,-4.2701,,
-1.0488,3.4871,2.768,-2.9791,-0.92606,3.4703,2.0643,-2.5724,,
-1.0488,3.5521,2.7378,-2.961,-0.20344,6.013,2.4002,-1.9593,,
-1.0488,3.6425,2.7056,-2.9425,-1.3903,5.4505,3.0117,-3.2407,,
-1.0488,3.7411,2.6713,-2.9239,-1.6564,2.8946,1.6123,-3.7585,,
-1.0488,3.8252,2.6351,-2.9049,-0.77818,5.4924,3.6254,-1.2556,,
-1.0488,3.8748,2.5971,-2.8857,-0.32305,4.3621,0.5709,-2.4192,,
-1.0488,3.8797,2.5571,-2.8662,0.011414,2.9612,2.5293,-1.9357,,
-1.0488,3.8421,2.5154,-2.8465,-2.1629,5.1126,2.6212,-1.7365,,
-1.0488,3.7732,2.472,-2.8265,-1.2885,4.7224,2.1634,-1.4855,,
-1.0488,3.6871,2.4269,-2.8062,-2.9306,4.2779,0.60728,-0.23329,,
-1.0488,3.596,2.3801,-2.7857,-1.2422,3.7015,2.7067,-2.0334,,
-1.0488,3.5081,2.3318,-2.765,-1.8107,2.4332,1.3763,-2.057,,
0.78658,3.426,2.282,-2.744,1.2139,5.8338,2.9383,-2.3749,,
0.78658,3.3475,2.2307,-2.7228,1.2393,4.6417,1.9933,-2.1261,,
0.78658,3.2652,2.178,-2.7014,1.7615,4.9667,2.9919,-2.7214,,
0.78658,3.1671,2.1239,-2.6797,2.1235,3.658,2.8403,-2.6711,,
0.78658,3.0387,2.0686,-2.6578,2.2658,2.631,2.3283,-2.413,,
0.78658,2.8672,2.0119,-2.6356,-1.2102,4.0582,2.2554,-4.9113,,
0.78658,2.6474,1.9541,-2.6133,0.82284,1.2673,1.7095,-1.4036,,
0.78658,2.3863,1.8952,-2.5907,-0.49409,2.8448,2.5934,-1.8907,,
0.78658,2.1024,1.8352,-2.5679,1.5215,1.3797,0.93618,-2.2543,,
0.78658,1.8187,1.7741,-2.5449,0.17974,1.8492,1.6308,-1.7229,,
0.78658,1.5547,1.7121,-2.5217,0.1459,2.221,1.5954,-3.0676,,
0.78658,1.3222,1.6492,-2.4983,0.21355,2.2549,1.2216,-3.4651,,
0.78658,1.1249,1.5854,-2.4747,-0.12891,0.77304,1.1737,-1.872,,
0.78658,0.96145,1.5208,-2.4509,0.41853,0.66475,0.96464,-1.2971,,
0.78658,0.82753,1.4554,-2.4269,1.8745,-1.6876,1.9944,-1.8512,,
0.78658,0.7182,1.3893,-2.4027,1.5459,-0.75587,2.8459,-2.7004,,
0.78658,0.62874,1.3226,-2.3783,0.89156,2.6987,2.4316,-3.9044,,
0.78658,0.55512,1.2552,-2.3538,0.527,0.9115,-0.057875,-1.4309,,
0.78658,0.49403,1.1873,-2.329,-2.3248,1.0494,1.3189,-1.74,,
0.78658,0.44288,1.1189,-2.3041,0.15923,-0.82671,1.5131,-0.94059,,
0.78658,0.39965,1.0501,-2.279,1.1385,-0.0070769,0.18942,-1.7496,,
0.78658,0.36275,0.98081,-2.2537,1.1983,-1.6577,0.82176,-2.6347,,
0.78658,0.33097,0.91119,-2.2283,1.0882,-1.2711,1.5883,-1.7492,,
0.78658,0.30337,0.84127,-2.2027,-0.28256,-1.2366,-0.12685,-1.9718,,
0.78658,0.27921,0.77109,-2.177,0.69054,-1.6313,0.73954,-3.5992,,
0.78658,0.2579,0.7007,-2.1511,0.061411,-1.1394,1.6186,-2.545,,
0.78658,0.23898,0.63014,-2.1251,1.9888,-1.012,0.53139,-2.7536,,
0.78658,0.22208,0.55945,-2.0989,2.1793,-0.57249,1.6191,-2.6107,,
0.78658,0.20691,0.48869,-2.0726,1.6729,1.4329,0.95295,-2.3431,,
0.78658,0.19322,0.41789,-2.0461,0.6513,2.1926,-0.25533,-2.9802,,
0.78658,0.18081,0.34711,-2.0195,1.4271,-0.61116,1.8232,-1.7747,,
0.78658,0.16952,0.27637,-1.9928,-0.096926,0.46208,0.46607,-1.6619,,
0.78658,0.15921,0.20572,-1.9659,2.1881,-0.0061301,-1.1777,-2.3884,,
0.78658,0.14976,0.13521,-1.939,1.5592,-1.03,-0.64967,-2.3513,,
0.78658,0.14108,0.064875,-1.9119,0.40075,-0.88474,-0.9516,-0.049719,,
0.78658,0.13308,-0.0052513,-1.8847,1.4184,-1.7495,-2.322,-0.4782,,
0.78658,0.12569,-0.075128,-1.8574,0.71561,1.002,-0.18651,-2.9387,,
0.78658,0.11885,-0.14472,-1.83,1.3914,0.087858,0.079246,-1.2236,,
0.78658,0.1125,-0.21398,-1.8024,0.090104,1.188,0.27947,-2.28,,
0.78658,0.1066,-0.28289,-1.7748,1.0316,-0.64365,0.1851,-2.1543,,
0.78658,0.10111,-0.3514,-1.7471,0.10504,-0.3067,0.099906,-2.4962,,
0.78658,0.095993,-0.41949,-1.7194,-0.5514,0.62803,-1.1877,-3.2044,,
0.78658,0.091211,-0.48712,-1.6915,0.10063,0.072085,-1.5932,-0.50097,,
0.78658,0.086738,-0.55425,-1.6635,0.30016,1.5259,-0.22565,-3.5938,,
0.78658,0.08255,-0.62085,-1.6355,1.5451,-0.7876,-1.2748,-1.7584,,
0.78658,0.078622,-0.68691,-1.6074,-0.2845,1.5664,-0.56267,-1.3817,,
0.78658,0.074935,-0.75238,-1.5792,1.4131,-0.25793,-1.3316,-3.2379,,
0.78658,0.07147,-0.81723,-1.551,-0.13167,-0.073871,-1.0548,-0.70667,,
0.78658,0.06821,-0.88145,-1.5227,1.8431,-0.38314,0.18366,-1.3274,,
0.78658,0.06514,-0.945,-1.4944,0.87295,-0.47561,-1.5552,-1.6756,,
0.78658,0.062247,-1.0079,-1.466,0.64199,1.7444,-3.5436,-1.9812,,
0.78658,0.059517,-1.07,-1.4376,-0.41644,-0.74226,-1.4577,-1.7334,,
0.78658,0.05694,-1.1314,-1.4091,-0.35535,1.3409,-0.95186,-0.76527,,
0.78658,0.054504,-1.192,-1.3806,0.5657,-0.085875,-0.075746,-3.2631,,
0.78658,0.052201,-1.2518,-1.3521,2.0574,-0.016532,-1.5758,-0.89066,,
0.78658,0.050021,-1.3109,-1.3235,0.84492,0.19712,-1.3242,-2.7555,,
0.78658,0.047956,-1.3691,-1.2949,-0.22497,-0.025894,-0.84535,-1.4019,,
0.78658,0.046,-1.4264,-1.2663,1.6774,-1.2816,-0.80967,-0.15223,,
0.78658,0.044144,-1.4829,-1.2377,0.68208,-0.95502,-0.38822,-0.19941,,
0.78658,0.042383,-1.5384,-1.209,1.6555,0.47741,-2.4231,-2.0999,,
0.78658,0.04071,-1.5931,-1.1804,0.23133,-0.23989,-1.0441,-0.87346,,
0.78658,0.039121,-1.6469,-1.1517,0.97607,0.2228,-2.2272,-2.4299,,
0.78658,0.037611,-1.6997,-1.1231,-0.61951,0.7136,-1.5949,-1.194,,
0.78658,0.036174,-1.7515,-1.0944,-0.04054,0.1845,-0.44778,0.1768,,
0.78658,0.034806,-1.8024,-1.0658,1.4832,-0.39993,-2.3077,-2.9294,,
0.78658,0.033504,-1.8523,-1.0372,1.3196,-0.049859,-0.31896,0.70574,,
0.78658,0.032263,-1.9011,-1.0086,1.9841,1.3941,-1.9428,-0.2819,,
0.78658,0.03108,-1.949,-0.98005,1.2927,0.70556,-2.5264,-2.3073,,
0.78658,0.029953,-1.9959,-0.95151,0.96627,0.83314,-1.3109,0.82853,,
0.78658,0.028876,-2.0417,-0.923,1.5162,0.93388,-3.044,-0.27313,,
0.78658,0.027849,-2.0865,-0.89452,1.5851,0.98386,-2.5408,0.007904,,
0.78658,0.026868,-2.1302,-0.86609,1.9163,-0.74184,-2.4763,-0.56245,,
0.78658,0.025931,-2.1729,-0.83771,2.3689,2.5173,-3.0456,-0.88186,,
0.78658,0.025036,-2.2145,-0.80937,1.5429,-0.12883,-1.5833,0.35459,,
0.78658,0.024179,-2.255,-0.78109,0.63238,0.065639,-1.279,-1.9279,,
0.78658,0.02336,-2.2944,-0.75286,-0.54089,-1.4815,-2.9528,-2.4604,,
0.78658,0.022576,-2.3328,-0.7247,0.12409,1.1076,-1.5496,-0.92219,,
0.78658,0.021826,-2.37,-0.69661,-0.034287,0.59388,-3.396,-0.74248,,
0.78658,0.021108,-2.4062,-0.66858,0.22328,0.21304,-1.8502,-1.6696,,
0.78658,0.020419,-2.4412,-0.64063,2.2516,0.63875,-3.2983,-0.41375,,
0.78658,0.01976,-2.4751,-0.61276,-0.1318,0.88553,-3.3374,0.085752,,
0.78658,0.019128,-2.508,-0.58497,1.4551,0.37765,-1.4661,0.38047,,
0.78658,0.018522,-2.5397,-0.55727,-0.69774,-2.5107,-2.9477,0.75682,,
0.78658,0.017941,-2.5703,-0.52967,0.48496,-0.089687,-3.7427,-0.69533,,
0.78658,0.017383,-2.5997,-0.50216,0.70329,-0.14859,-2.5522,-0.96862,,
0.78658,0.016848,-2.6281,-0.47474,0.22406,0.45222,-3.6249,-0.61558,,
0.78658,0.016334,-2.6553,-0.44744,1.8,-0.28441,-4.4991,-0.86193,,
0.78658,0.015841,-2.6815,-0.42024,0.45359,0.16044,-3.0048,-0.50553,,
0.78658,0.015367,-2.7065,-0.39315,2.0252,0.11196,-4.4471,0.62489,,
0.78658,0.014912,-2.7303,-0.36618,0.12024,-0.15979,-2.8892,-0.45474,,
0.78658,0.014475,-2.7531,-0.33934,-0.40094,0.68958,-5.1484,-0.34203,,
0.78658,0.014055,-2.7748,-0.31261,1.3936,0.098996,-3.5435,-1.7366,,
0.78658,0.013651,-2.7953,-0.28602,2.681,0.89116,-3.1481,-1.206,,
0.78658,0.013262,-2.8148,-0.25955,2.1249,-0.58143,-3.1537,1.6986,,
0.78658,0.012889,-2.8331,-0.23323,1.8619,1.6025,-2.7512,-0.68592,,
0.78658,0.01253,-2.8504,-0.20704,1.4355,-0.84007,-4.0562,-2.4538,,
0.78658,0.012185,-2.8665,-0.181,2.4705,-0.27639,-2.7257,-0.42579,,
0.78658,0.011852,-2.8816,-0.15511,2.16,-1.4721,-2.7081,-1.3785,,
0.78658,0.011533,-2.8956,-0.12937,0.47142,-0.63529,-3.6048,-0.86603,,
0.78658,0.011225,-2.9085,-0.10379,0.93009,1.2764,0.67202,0.35234,,
0.78658,0.01093,-2.9203,-0.078369,-0.096541,0.48416,-1.7342,1.3248,,
0.78658,0.010645,-2.9311,-0.053111,0.63364,-0.94521,-2.006,1.1313,,
0.78658,0.010371,-2.9408,-0.028021,1.579,0.51642,-2.9269,-1.7261,,
0.78658,0.010108,-2.9495,-0.0031025,1.1945,-0.71009,-4.813,1.7525,,
0.78658,0.0098548,-2.9571,0.02164,-0.22932,-2.1004,-3.8156,-1.6403,,
0.78658,0.0096111,-2.9636,0.046204,2.0391,-0.53178,-3.5646,1.767,,
0.78658,0.0093767,-2.9692,0.070585,1.7914,1.9986,-2.7166,-0.82087,,
0.78658,0.0091514,-2.9737,0.094779,1.9619,0.22456,-3.7816,-0.15786,,
0.78658,0.0089348,-2.9772,0.11878,1.1032,-1.973,-2.7567,2.8058,,
0.78658,0.0087266,-2.9797,0.14259,1.7581,0.72046,-2.1728,0.76631,,
0.78658,0.0085266,-2.9812,0.16621,1.2996,1.9694,-3.3024,2.0437,,
0.78658,0.0083345,-2.9818,0.18962,1.3375,-0.033327,-4.2546,0.4592,,
0.78658,0.0081502,-2.9813,0.21282,0.72395,-0.14192,-2.8309,2.6587,,
0.78658,0.0079733,-2.9799,0.23582,0.41797,0.61422,-2.6046,0.48095,,
0.78658,0.0078037,-2.9776,0.25861,-0.5789,-0.82416,-4.3979,-0.082759,,
0.78658,0.0076413,-2.9743,0.28118,0.66419,0.31715,-1.7721,-1.8534,,
0.78658,0.0074858,-2.97,0.30354,0.13829,2.5628,-3.0109,1.6353,,
0.78658,0.0073372,-2.9649,0.32567,0.056337,-0.87232,-3.6618,0.82595,,
0.78658,0.0071952,-2.9588,0.34758,0.42746,0.08205,-3.4181,0.099613,,
0.78658,0.0070597,-2.9518,0.36926,1.2005,0.42525,-2.032,2.0708,,
0.78658,0.0069308,-2.9439,0.3907,-0.58381,0.45436,-2.9434,2.1152,,
0.78658,0.0068082,-2.9352,0.41191,0.96787,0.88475,-3.0626,-0.57848,,
0.78658,0.0066918,-2.9256,0.43289,0.46609,-0.20114,-3.5923,0.13706,,
0.78658,0.0065817,-2.9151,0.45362,-0.94392,-0.74131,-2.6122,-0.85613,,
0.78658,0.0064778,-2.9038,0.47411,-1.6586,-0.05673,-3.9373,1.4209,,
0.78658,0.0063801,-2.8916,0.49435,1.6808,-1.9307,-2.6879,0.22051,,
0.78658,0.0062885,-2.8787,0.51434,0.34753,-0.2127,0.53012,0.86435,,
0.78658,0.0062031,-2.8649,0.53408,1.4488,2.2381,-2.9374,0.08308,,
0.78658,0.0061238,-2.8503,0.55356,1.0624,-0.55822,-3.4729,1.4837,,
0.78658,0.0060508,-2.835,0.57278,0.23521,0.37694,-2.0304,0.81745,,
0.78658,0.0059841,-2.8189,0.59174,1.6071,0.52363,-3.5457,0.97158,,
0.78658,0.0059238,-2.802,0.61043,1.6052,0.41391,-3.4235,1.9347,,
0.78658,0.0058699,-2.7844,0.62886,0.94637,0.084649,-3.0311,0.46851,,
0.78658,0.0058227,-2.766,0.64701,1.7802,-0.64232,-2.8956,-1.6193,,
0.78658,0.0057823,-2.747,0.66489,1.1669,0.37195,-2.5275,1.5954,,
0.78658,0.0057489,-2.7272,0.6825,1.5265,0.26097,-2.2286,1.1513,,
0.78658,0.0057227,-2.7067,0.69982,-0.36999,0.1806,-2.6047,1.2191,,
0.78658,0.0057039,-2.6856,0.71687,1.8614,0.62896,-3.5914,1.2533,,
0.78658,0.0056928,-2.6638,0.73363,-0.95566,-0.16444,-2.9982,1.561,,
0.78658,0.0056899,-2.6413,0.7501,0.29776,-1.1868,-2.927,1.9697,,
0.78658,0.0056954,-2.6182,0.76628,1.3981,-0.76459,-2.9192,0.87413,,
0.78658,0.0057097,-2.5945,0.78218,0.32664,0.71888,-1.2124,0.092996,,
0.78658,0.0057334,-2.5701,0.79778,1.2525,1.0562,-0.18812,2.0847,,
0.78658,0.0057669,-2.5452,0.81308,1.3532,-0.62992,-3.1529,0.37494,,
0.78658,0.005811,-2.5196,0.82808,0.15308,-1.3442,-2.4468,-0.075509,,
0.78658,0.0058661,-2.4935,0.84278,1.5689,-1.0271,-2.0608,1.7361,,
0.78658,0.0059332,-2.4669,0.85718,1.0531,1.0372,-1.1282,1.8464,,
0.78658,0.0060129,-2.4396,0.87128,0.82983,0.94311,-2.2513,0.37753,,
0.78658,0.0061063,-2.4119,0.88507,1.7156,0.80923,-2.5594,1.9936,,
0.78658,0.0062144,-2.3836,0.89854,0.60597,0.99926,-1.9396,1.2125,,
0.78658,0.0063385,-2.3548,0.91171,-0.22817,-0.022764,-3.6874,2.8101,,
0.78658,0.0064797,-2.3255,0.92456,1.3948,0.16779,-2.08,0.93451,,
0.78658,0.0066396,-2.2958,0.9371,1.524,0.74073,-2.7135,0.91293,,
0.78658,0.0068198,-2.2655,0.94932,-0.0043695,0.9485,-3.9629,1.0243,,
0.78658,0.0070222,-2.2348,0.96122,2.242,2.6107,-2.8496,3.1778,,
0.78658,0.007249,-2.2037,0.9728,-0.33278,-0.97595,-2.4988,0.49294,,
0.78658,0.0075024,-2.1721,0.98405,-0.07615,0.12221,-2.2731,0.75106,,
0.78658,0.0077852,-2.1401,0.99499,1.3229,0.45679,-2.7634,1.3187,,
0.78658,0.0081004,-2.1077,1.0056,-1.3803,-1.173,-1.4323,1.5019,,
0.78658,0.0084513,-2.0749,1.0159,-0.54156,-1.5063,-1.9144,-0.07693,,
0.78658,0.008842,-2.0418,1.0258,0.40128,0.17521,-3.3099,0.49721,,
0.78658,0.0092768,-2.0082,1.0354,1.9643,-0.71094,-3.3649,-0.57834,,
0.78658,0.0097607,-1.9743,1.0447,2.1742,0.0096846,-1.1388,0.2567,,
0.78658,0.010299,-1.9401,1.0537,-0.045014,-0.9636,-1.3037,0.9004,,
0.78658,0.0109,-1.9055,1.0623,0.11276,-0.088668,-2.7036,0.4966,,
0.78658,0.011569,-1.8707,1.0706,1.1666,0.11501,-2.8688,-1.1244,,
0.78658,0.012316,-1.8355,1.0785,1.7509,-2.2532,-2.0909,0.8396,,
0.78658,0.013151,-1.8,1.0861,3.3562,0.78791,-1.926,-0.087431,,
0.78658,0.014085,-1.7642,1.0934,1.1238,-2.0446,-1.7002,0.069007,,
0.78658,0.015132,-1.7282,1.1003,1.5944,0.27592,-0.2274,1.1246,,
0.78658,0.016307,-1.6919,1.1069,0.36034,0.038499,-0.26202,0.88212,,
0.78658,0.017629,-1.6553,1.1131,-0.20219,0.25443,-2.3842,1.0102,,
0.78658,0.019119,-1.6185,1.119,0.91892,1.5764,-0.84782,1.2755,,
0.78658,0.020802,-1.5815,1.1246,1.051,-1.5534,-0.67768,1.2974,,
0.78658,0.022709,-1.5443,1.1298,-0.01815,-0.67946,-0.67167,0.54865,,
0.78658,0.024873,-1.5069,1.1347,1.9599,-0.75412,-0.87642,2.2198,,
0.78658,0.027337,-1.4693,1.1392,2.2065,1.6121,-1.0147,3.1388,,
0.78658,0.030151,-1.4315,1.1433,1.1894,1.375,-1.773,-0.15304,,
0.78658,0.033374,-1.3935,1.1471,2.166,0.75652,-2.0429,-0.075604,,
0.78658,0.037078,-1.3554,1.1506,0.25467,-1.5542,-1.0747,0.96505,,
0.78658,0.041351,-1.3171,1.1537,-0.55646,-0.42922,-0.68135,-1.0036,,
0.78658,0.046299,-1.2787,1.1565,-0.50251,0.58343,-0.61852,0.58705,,
0.78658,0.052051,-1.2402,1.1589,1.1933,0.41247,-2.7319,-1.1162,,
0.78658,0.058765,-1.2016,1.161,0.44063,-0.60493,-1.6503,0.22723,,
0.78658,0.066639,-1.1628,1.1627,1.2325,1.608,-0.69755,-0.14971,,
0.78658,0.075917,-1.124,1.1641,1.8672,-0.5137,-1.1287,1.43,,
0.78658,0.086904,-1.0851,1.1651,1.3278,0.48285,-1.448,0.78226,,
0.78658,0.099985,-1.0461,1.1657,1.3915,2.1445,-1.2786,1.5105,,
0.78658,0.11564,-1.007,1.166,-0.91045,1.8884,-1.8985,1.963,,
0.78658,0.1345,-0.96791,1.166,0.26139,-0.066008,0.10316,2.0978,,
0.78658,0.15735,-0.92875,1.1656,0.56266,0.92967,-1.1785,-0.014859,,
0.78658,0.18521,-0.88955,1.1648,2.3318,1.9052,-1.983,2.34,,
0.78658,0.21941,-0.85033,1.1637,0.97544,-0.7527,-0.69559,0.92931,,
0.78658,0.26167,-0.81109,1.1623,-0.78688,1.2473,-1.783,2.4625,,
0.78658,0.31424,-0.77185,1.1605,2.4304,2.2231,-0.55974,2.2456,,
0.78658,0.38006,-0.7326,1.1583,1.2818,1.4117,-0.93331,0.70609,,
0.78658,0.46299,-0.69336,1.1558,0.80234,1.7288,0.18398,2.9874,,
0.78658,0.56799,-0.65415,1.153,0.3034,0.56945,-2.0267,2.3053,,
0.78658,0.70141,-0.61496,1.1498,1.9975,-0.61197,-0.73223,1.4386,,
0.78658,0.87113,-0.5758,1.1462,-0.057731,0.12855,-0.33353,0.71996,,
0.78658,1.0864,-0.53669,1.1423,2.9783,2.6709,-1.3205,1.4624,,
0.78658,1.357,-0.49763,1.1381,0.60475,1.4307,-0.5035,2.7805,,
0.78658,1.6914,-0.45863,1.1335,-0.18484,2.5378,0.087961,0.34413,,
0.78658,2.0928,-0.4197,1.1285,-0.56651,1.0549,-1.5691,0.2035,,
0.78658,2.5538,-0.38085,1.1232,0.47358,0.73907,0.13165,1.4721,,
0.78658,3.0513,-0.34208,1.1176,0.83507,0.95422,1.0166,1.5593,,
0.78658,3.5455,-0.3034,1.1116,0.40521,3.831,-0.26743,1.9059,,
0.78658,3.9887,-0.26482,1.1053,0.074638,1.8097,-2.0697,1.6726,,
0.78658,4.3415,-0.22634,1.0986,1.3542,5.7967,-0.60093,0.078721,,
0.78658,4.5868,-0.18798,1.0916,0.013567,5.7524,1.4855,3.2548,,
0.78658,4.7329,-0.14974,1.0843,1.0628,5.0409,-0.89638,1.8229,,
0.78658,4.8049,-0.11163,1.0766,0.521,5.852,0.91604,1.4755,,
0.78658,4.8317,-0.073648,1.0685,1.4211,4.7248,-0.42954,1.5899,,
0.78658,4.8377,-0.03581,1.0602,-0.77226,3.002,-0.83879,1.6201,,
4.5447,4.8381,0.0018809,1.0515,5.5047,4.7119,0.056757,1.9147,,
4.5447,4.8375,0.039418,1.0424,3.5143,4.1595,-0.29156,1.6412,,
4.5447,4.8303,0.076795,1.0331,3.6935,6.0953,0.87122,0.58,,
4.5447,4.8001,0.11401,1.0234,5.5573,5.1483,-0.21231,0.21256,,
4.5447,4.722,0.15104,1.0133,6.2699,5.1355,-1.2735,-0.48817,,
4.5447,4.5669,0.1879,1.003,4.1236,4.1924,-0.23051,0.014026,,
4.5447,4.3108,0.22458,0.99228,4.7564,3.4165,-0.96801,0.27803,,
4.5447,3.9478,0.26106,0.98127,3.347,4.2281,1.8226,2.5618,,
4.5447,3.4974,0.29735,0.96993,2.9342,3.0591,0.98006,1.9217,,
4.5447,3.0007,0.33344,0.95827,5.7191,4.3933,0.89015,1.6296,,
4.5447,2.5053,0.36932,0.94629,5.2938,2.1379,1.4277,2.3051,,
4.5447,2.0494,0.40499,0.93399,4.5101,1.254,0.45692,1.8088,,
4.5447,1.6546,0.44045,0.92138,4.0271,1.4362,0.066598,0.51532,,
4.5447,1.3268,0.47568,0.90845,3.3025,2.4088,-1.6271,-0.22482,,
4.5447,1.0622,0.51068,0.8952,3.9876,0.49518,1.8714,1.5254,,
4.5447,0.85189,0.54546,0.88165,6.0396,0.7564,0.13446,2.4835,,
4.5447,0.68618,0.58,0.86778,4.3049,-0.7918,1.0193,-0.80346,,
4.5447,0.5559,0.61429,0.85361,5.1143,0.678,0.56679,-0.16736,,
4.5447,0.45334,0.64835,0.83914,4.6391,0.070224,1.1023,-0.88458,,
4.5447,0.3723,0.68215,0.82436,3.209,-0.076645,0.46053,-0.02247,,
4.5447,0.30794,0.7157,0.80928,2.8335,0.45249,0.036434,-0.29259,,
4.5447,0.25649,0.74899,0.7939,5.5955,0.28355,1.4336,2.4639,,
4.5447,0.21511,0.78202,0.77823,4.7674,0.21257,2.2103,0.068144,,
4.5447,0.18159,0.81478,0.76227,7.3919,3.1889,-0.44382,-0.20841,,
4.5447,0.15425,0.84728,0.74601,4.3949,1.201,2.5434,1.4353,,
4.5447,0.13182,0.8795,0.72946,5.1958,1.8216,2.7673,1.8728,,
4.5447,0.11329,0.91145,0.71263,4.6916,1.7798,1.6569,-0.54864,,
4.5447,0.097888,0.94311,0.69552,3.8967,-0.18961,1.9202,-0.036339,,
4.5447,0.085012,0.9745,0.67812,3.7282,-0.40199,0.077491,0.021592,,
4.5447,0.074186,1.0056,0.66045,3.5386,-1.595,1.7429,0.25727,,
4.5447,0.065036,1.0364,0.6425,5.5572,-0.91023,1.4303,0.52921,,
4.5447,0.057263,1.0669,0.62428,3.9865,-0.22853,2.3756,0.42411,,
4.5447,0.050627,1.0971,0.60578,3.5755,-0.041564,2.2047,0.51922,,
4.5447,0.044938,1.1271,0.58702,4.3699,0.37022,1.1074,0.79363,,
4.5447,0.040038,1.1567,0.568,3.8678,0.19382,1.7428,0.63966,,
4.5447,0.035802,1.186,0.54871,4.4312,-1.1576,1.9108,0.56171,,
4.5447,0.032124,1.215,0.52917,2.6768,-0.29822,0.34913,1.3056,,
4.5447,0.028921,1.2437,0.50937,3.3487,1.7672,2.0338,-0.036875,,
4.5447,0.02612,1.2721,0.48931,4.6056,-0.27664,1.1254,0.69679,,
4.5447,0.023665,1.3002,0.46901,3.7718,-0.89979,1.3686,0.54814,,
4.5447,0.021505,1.3279,0.44846,3.9,-0.23406,2.2602,-1.4158,,
4.5447,0.019599,1.3554,0.42767,6.3932,0.35639,1.8503,0.72956,,
4.5447,0.017914,1.3825,0.40663,5.8269,-0.37125,2.6608,-0.22856,,
4.5447,0.01642,1.4093,0.38536,4.3213,-0.41273,0.78928,0.54508,,
4.5447,0.015092,1.4358,0.36386,3.3406,-0.33028,0.90583,-0.15337,,
4.5447,0.013909,1.4619,0.34212,3.6025,1.2087,1.1118,1.4004,,
4.5447,0.012854,1.4877,0.32016,6.7588,0.85761,1.2966,-0.60717,,
4.5447,0.011912,1.5132,0.29797,4.4138,-0.74284,1.677,-0.71433,,
4.5447,0.011068,1.5384,0.27556,4.8128,-0.73948,0.83147,-0.3287,,
4.5447,0.010312,1.5632,0.25293,4.5738,-1.7408,3.8596,-0.18053,,
4.5447,0.0096343,1.5878,0.23009,5.675,1.1438,2.0154,0.77555,,
4.5447,0.009026,1.6119,0.20704,3.7749,-0.099138,3.2237,-0.059982,,
4.5447,0.00848,1.6358,0.18378,3.8049,-0.2352,0.98454,-1.7218,,
4.5447,0.00799,1.6593,0.16032,2.7563,0.1882,0.70591,1.346,,
4.5447,0.0075506,1.6824,0.13666,3.0173,-1.3007,0.64387,-0.21701,,
4.5447,0.007157,1.7053,0.1128,4.8142,-0.92015,2.2588,0.12306,,
4.5447,0.006805,1.7277,0.088748,4.4569,0.19154,2.2145,-0.41664,,
4.5447,0.0064912,1.7499,0.064507,5.3142,-0.31693,0.92007,0.45602,,
4.5447,0.0062126,1.7717,0.04008,4.0316,-2.0634,-0.18948,-0.2357,,
4.5447,0.0059664,1.7932,0.015471,5.0012,-0.77094,0.43145,-0.72383,,
4.5447,0.0057505,1.8143,-0.0093158,5.294,0.27202,1.834,-0.54571,,
4.5447,0.005563,1.8351,-0.034277,6.4714,1.0832,2.5742,2.3748,,
4.5447,0.0054023,1.8555,-0.05941,4.4583,0.094427,3.5956,-0.15945,,
4.5447,0.0052672,1.8756,-0.084709,4.3606,0.15125,2.5648,-0.5181,,
4.5447,0.0051568,1.8954,-0.11017,4.6329,-0.47798,2.643,-0.7407,,
4.5447,0.0050703,1.9148,-0.13579,4.6189,0.21633,1.732,0.29279,,
4.5447,0.0050073,1.9339,-0.16157,4.3738,0.55071,1.2229,-0.49303,,
4.5447,0.0049677,1.9526,-0.1875,6.4197,-0.90368,0.0021636,0.42189,,
4.5447,0.0049515,1.971,-0.21358,5.7833,1.0646,2.3486,0.085245,,
4.5447,0.0049592,1.9891,-0.2398,4.0258,-1.6674,0.66769,-0.41074,,
4.5447,0.0049915,2.0068,-0.26616,5.3723,-0.04113,-0.62844,-1.1854,,
4.5447,0.0050492,2.0241,-0.29265,5.7887,-0.22782,3.2272,0.56964,,
4.5447,0.0051339,2.0411,0.84678,3.6114,1.6631,1.9611,1.584,,
4.5447,0.0052472,2.0578,0.82002,3.4722,-0.30986,2.4607,0.5251,,
4.5447,0.0053914,2.0742,0.79314,4.1993,3.2582,0.92478,-0.35524,,
4.5447,0.0055692,2.0901,0.76614,4.7747,-0.26962,1.8757,2.4937,,
4.5447,0.005784,2.1058,0.73903,4.6642,-0.71579,2.2333,2.0573,,
4.5447,0.0060398,2.1211,0.7118,4.441,2.352,4.3598,1.7856,,
4.5447,0.0063416,2.1361,0.68447,4.7411,-0.012282,2.7984,0.57035,,
4.5447,0.0066955,2.1507,0.65703,3.5911,-0.25136,1.4384,1.9944,,
4.5447,0.0071088,2.165,0.6295,3.6654,0.15385,1.8684,1.834,,
4.5447,0.0075905,2.179,0.60187,4.8916,-1.0018,1.059,0.85709,,
4.5447,0.0081514,2.1926,0.57414,4.3462,-1.4624,3.2798,0.59996,,
4.5447,0.0088051,2.2059,0.54634,4.129,-0.6404,1.8118,0.010368,,
4.5447,0.0095683,2.2188,0.51845,2.8317,0.080117,3.5545,0.019064,,
4.5447,0.010462,2.2314,0.49048,4.7546,1.1615,1.9384,-0.84124,,
4.5447,0.011511,2.2437,0.46243,4.9251,1.233,2.1359,2.2105,,
4.5447,0.012751,2.2557,0.43432,3.152,0.49862,1.1673,1.2122,,
4.5447,0.014222,2.2673,0.40614,4.3437,1.2227,1.4572,0.72452,,
4.5447,0.015979,2.2786,0.3779,4.5187,2.6609,3.3856,-1.3359,,
4.5447,0.018095,2.2895,0.34961,5.3555,0.67529,3.3131,1.5916,,
4.5447,0.020664,2.3002,0.32126,3.8042,0.9928,2.225,0.17208,,
4.5447,0.023814,2.3105,0.29286,3.9042,-0.27958,3.4803,0.63338,,
4.5447,0.027718,2.3205,0.26442,3.7295,1.2372,2.5845,1.3712,,
4.5447,0.032617,2.3301,0.23594,2.7642,-1.1038,0.96615,0.98754,,
4.5447,0.038851,2.3395,0.20742,4.6093,-0.2946,1.4118,1.7052,,
4.5447,0.046906,2.3485,0.17887,4.8572,-0.81907,1.5706,-1.3618,,
4.5447,0.057499,2.3572,0.15029,3.741,-0.50565,1.9932,-2.2885,,
4.5447,0.0717,2.3655,0.1217,3.5904,2.0811,2.5681,-0.64137,,
4.5447,0.091158,2.3736,0.093079,3.3648,-0.11526,2.5569,0.34787,,
4.5447,0.11847,2.3813,0.064448,4.3469,-0.31128,1.7293,-0.99645,,
4.5447,0.15782,2.3888,0.035808,5.6103,1.2015,2.7023,-0.39119,,
4.5447,0.21617,2.3959,0.0071618,1.7166,-0.10188,1.3637,-0.27972,,
4.5447,0.30527,2.4027,-0.021485,2.2777,0.6293,2.7177,0.68682,,
4.5447,0.44506,2.4092,-0.050129,5.5834,1.003,0.53507,-0.55171,,
4.5447,0.66857,2.4154,-0.078765,3.8262,-0.20603,2.2588,-0.34953,,
4.5447,1.0246,2.4212,-0.10739,4.4806,0.66713,3.3316,0.047908,,
4.5447,1.562,2.4268,-0.136,5.7229,3.5021,2.5714,0.31032,,
4.5447,2.262,2.4321,-0.16459,6.068,2.4006,3.824,-1.0335,,
4.5447,2.9501,2.4371,-0.19315,4.575,3.8667,2.1802,-0.76178,,
4.5447,3.3969,2.4418,-0.22168,5.2021,4.6859,2.6354,-1.1935,,
4.5447,3.5728,2.4461,-0.25018,4.7334,4.156,1.9967,-1.7118,,
4.5447,3.6187,2.4502,-0.27864,5.018,3.7457,2.1803,0.21677,,
1.8354,3.6461,2.454,-0.30706,1.4657,4.942,3.1441,-0.39237,,
1.8354,3.6545,2.4575,-0.33544,0.32886,2.3821,2.8445,0.22231,,
1.8354,3.5324,2.4607,-0.36376,2.404,4.7532,0.93285,-0.17439,,
1.8354,3.1458,2.4637,-0.39203,2.4608,1.0177,2.3728,1.3624,,
1.8354,2.5401,2.4663,-0.42024,1.4326,1.2626,2.9762,-1.0514,,
1.8354,1.955,2.4687,-0.44839,1.2665,1.5227,1.9752,-0.686,,
1.8354,1.5685,2.4707,-0.47646,0.38114,1.4821,1.4552,0.99195,,
1.8354,1.4075,2.4725,-0.50447,1.2985,-0.24121,2.6899,0.55426,,
1.8354,1.4396,2.4741,-0.5324,1.2369,2.2249,3.1774,-2.8993,,
1.8354,1.638,2.4753,-0.56025,1.4584,1.5608,3.4684,0.36764,,
1.8354,1.9924,2.4763,-0.58802,3.4839,0.88407,4.9554,0.99259,,
1.8354,2.499,2.477,-0.61569,2.1888,1.2943,3.5876,-0.44472,,
1.8354,3.1383,2.4774,-0.64328,1.4324,2.1666,2.9589,-0.9079,,
1.8354,3.8535,2.4776,-0.67076,2.1331,3.0078,3.0473,-0.33792,,
1.8354,4.5457,2.4775,-0.69815,2.128,4.4178,3.2964,-1.8357,,
1.8354,5.1076,2.4771,-0.72543,2.9993,5.0529,3.0857,-0.21432,,
1.8354,5.4788,2.4765,-0.7526,2.7016,4.8863,2.2031,-2.0742,,
1.8354,5.6709,2.4756,-0.77966,2.8301,5.5853,0.73168,-0.9789,,
1.8354,5.7422,2.4745,-0.8066,1.9992,5.0873,2.4932,-0.07957,,
1.8354,5.7558,2.4731,-0.83341,2.2001,5.9345,0.98976,-0.36682,,
6.2927,5.7543,2.4715,-0.86011,7.3544,7.32,2.289,-3.2051,,
6.2927,5.7509,2.4696,-0.88667,6.3815,6.6215,1.9603,-1.0342,,
6.2927,5.7283,2.4675,-0.9131,4.7324,5.3146,2.2951,-1.5317,,
6.2927,5.6406,2.4651,-0.93939,6.4635,5.7877,4.0616,-1.3717,,
6.2927,5.4226,2.4625,-0.96554,5.351,5.2612,3.6579,-1.1691,,
6.2927,5.0188,2.4596,-0.99154,6.2175,4.5869,4.4306,-1.6979,,
6.2927,4.4248,2.4565,-1.0174,5.8105,4.1077,2.0416,-1.3673,,
6.2927,3.707,2.4532,-1.0431,5.6008,4.8306,0.65698,-1.6294,,
6.2927,2.9722,2.4496,-1.0686,7.4257,2.4206,3.7463,-1.4893,,
6.2927,2.3111,2.4458,-1.094,5.909,2.5035,2.9238,-0.29606,,
6.2927,1.7682,2.4418,-1.1192,6.2924,2.3911,2.6233,-1.1609,,
6.2927,1.3476,2.4376,-1.1443,6.3652,0.30319,1.1623,-1.7592,,
6.2927,1.0329,2.4331,-1.1692,4.8629,-0.48992,2.5112,-1.4779,,
6.2927,0.80186,2.4284,-1.1939,7.4606,1.5804,1.5515,-0.55472,,
6.2927,0.63461,2.4235,-1.2184,6.1454,1.0246,2.2321,-0.55147,,
6.2927,0.51552,2.4184,-1.2427,7.0937,-0.024076,1.6692,-0.56744,,
6.2927,0.43358,2.413,-1.2669,6.5641,1.5758,1.8818,-0.66006,,
6.2927,0.38189,2.4075,-1.2908,7.4218,0.70206,4.0444,-1.7122,,
6.2927,0.35723,2.4017,-1.3146,5.5511,-0.054495,4.3867,-0.25582,,
6.2927,0.36022,2.3958,-1.3381,4.5737,-0.085536,1.8594,-3.679,,
6.2927,0.39618,2.3896,-1.3615,5.7786,-0.11099,1.8628,-1.7355,,
6.2927,0.47727,2.3832,-1.3846,5.6535,-0.62807,3.0814,-1.2046,,
6.2927,0.62661,2.3767,-1.4076,5.0781,3.3862,3.1788,-0.38444,,
6.2927,0.88436,2.3699,-1.4303,7.4334,-1.4116,0.78988,-1.6045,,
6.2927,1.3125,2.3629,-1.4528,7.2309,1.5885,1.5831,-1.5509,,
6.2927,1.9798,2.3558,-1.4751,7.1163,1.9855,1.2123,-0.99931,,
6.2927,2.8828,2.3484,-1.4972,4.4759,1.5881,2.8114,0.10291,,
6.2927,3.8169,2.3409,-1.5191,4.5581,3.6696,3.6265,-2.1704,,
6.2927,4.4577,2.3332,-1.5407,7.8502,4.8517,1.9574,-1.6145,,
6.2927,4.7127,2.3253,-1.5621,6.3738,5.7497,2.9331,-1.1823,,
6.2927,4.7553,2.3172,-1.5832,6.8163,4.8693,1.5756,-1.0608,,
2.6219,4.7524,2.309,-1.6042,2.2791,5.3398,1.8602,-1.3808,,
2.6219,4.7251,2.3005,-1.6248,0.90727,6.4944,3.5788,-0.93157,,
2.6219,4.5383,2.2919,-1.6453,2.566,4.4283,2.4914,-2.8811,,
2.6219,3.9949,2.2832,-1.6654,2.356,3.4163,2.8397,-1.8373,,
2.6219,3.0997,2.2742,-1.6854,5.3038,1.6565,3.1547,-2.186,,
2.6219,2.1487,2.2651,-1.705,1.4672,3.0063,1.2013,-0.75285,,
2.6219,1.4014,2.2559,-1.7244,2.2386,0.88733,3.0985,-1.5387,,
2.6219,0.90235,2.2464,-1.7436,1.6555,2.3389,1.49,-3.0252,,
2.6219,0.58968,2.2368,-1.7625,4.6053,0.66258,3.2183,-1.235,,
2.6219,0.39567,2.2271,-1.7811,3.3288,0.2599,3.12,-1.6749,,
2.6219,0.27342,2.2172,-1.7995,1.4046,-0.29523,3.5651,-1.2898,,
2.6219,0.19444,2.2072,-1.8176,2.9436,-0.32581,2.6454,-2.4607,,
2.6219,0.142,2.197,-1.8354,1.3332,-1.1319,2.9647,-2.793,,
2.6219,0.10622,2.1866,-1.8529,2.3027,0.71156,1.7532,-1.1709,,
2.6219,0.081182,2.1761,-1.8702,5.6599,-0.34262,0.69997,-1.8234,,
2.6219,0.063251,2.1655,-1.8871,2.9602,0.70842,1.6555,-2.2483,,
2.6219,0.050135,2.1547,-1.9038,1.545,-1.6554,2.8442,-3.113,,
2.6219,0.040355,2.1438,-1.9202,2.8577,0.38791,1.6862,-2.8373,,
2.6219,0.032935,2.1328,-1.9363,1.9489,-0.88935,2.2561,-0.95711,,
2.6219,0.027216,2.1216,-1.9522,1.6,-1.5509,3.1955,-1.9309,,
2.6219,0.022744,2.1103,-1.9677,1.6924,-0.21432,3.6833,-2.2558,,
2.6219,0.019202,2.0989,-1.9829,2.7383,0.64026,2.0218,-3.1585,,
2.6219,0.016362,2.0874,-1.9978,3.3969,1.0572,1.2554,-1.2642,,
2.6219,0.01406,2.0757,-2.0125,2.5496,1.2577,1.3666,-3.2462,,
2.6219,0.012176,2.0639,-2.0268,1.3289,-0.36947,3.9479,-1.836,,
2.6219,0.010618,2.052,-2.0408,1.8606,-0.95682,0.2039,-2.6988,,
2.6219,0.0093199,2.04,-2.0545,4.3946,3.068,2.248,-2.0619,,
2.6219,0.0082293,2.0278,-2.0679,1.966,-0.54587,1.7045,-2.6781,,
2.6219,0.0073061,2.0156,-2.081,2.1671,-0.7031,1.9259,-3.6248,,
2.6219,0.0065195,2.0032,-2.0938,3.8777,0.48501,0.2255,-3.0447,,
2.6219,0.0058449,1.9907,-2.1062,1.2936,-1.0769,0.52453,-3.184,,
2.6219,0.0052629,1.9782,-2.1184,3.3272,-0.66654,3.5617,0.45706,,
2.6219,0.004758,1.9655,-2.1302,2.185,-1.5333,0.21075,-1.2336,,
2.6219,0.0043177,1.9527,-2.1417,1.8973,-0.19672,3.4687,-2.9647,,
2.6219,0.003932,1.9399,-2.1529,3.5863,-1.1298,1.6267,-0.61754,,
2.6219,0.0035925,1.9269,-2.1637,2.7626,0.39508,1.684,-0.36127,,
2.6219,0.0032924,1.9138,-2.1742,2.9521,0.19314,1.546,-2.6661,,
2.6219,0.003026,1.9007,-2.1844,2.9584,-0.72069,0.97755,-2.9617,,
2.6219,0.0027888,1.8874,-2.1943,2.8386,-0.3835,2.5893,-4.7216,,
2.6219,0.0025767,1.8741,-2.2038,1.7667,-0.57235,1.5337,-2.5016,,
2.6219,0.0023864,1.8607,-2.2131,1.4634,0.17226,2.2428,-2.7895,,
2.6219,0.0022152,1.8472,-2.2219,3.1457,-0.65739,2.8081,-0.5448,,
2.6219,0.0020607,1.8337,-2.2305,2.0782,0.275,2.1744,-3.0432,,
2.6219,0.0019209,1.82,-2.2387,4.2976,-0.85163,1.7888,-1.3199,,
2.6219,0.001794,1.8063,-2.2465,2.3256,0.59202,3.1069,-3.9474,,
2.6219,0.0016786,1.7925,-2.254,3.0029,-0.1646,0.6157,-2.7151,,
2.6219,0.0015733,1.7786,-2.2612,4.4994,-2.0585,0.80225,-2.7031,,
2.6219,0.0014771,1.7647,-2.2681,2.5756,0.19341,1.581,-2.0292,,
2.6219,0.0013889,1.7507,-2.2745,2.9784,0.95203,-0.095773,-2.3542,,
2.6219,0.001308,1.7366,-2.2807,2.4298,1.2729,2.3293,-4.0923,,
2.6219,0.0012336,1.7225,-2.2865,4.1531,0.23181,1.14,-2.7353,,
2.6219,0.001165,1.7083,-2.292,2.8776,1.4879,1.3672,-2.139,,
2.6219,0.0011017,1.6941,-2.2971,3.7863,0.69647,1.1213,-3.8116,,
2.6219,0.0010432,1.6798,-2.3019,2.2634,2.1175,3.6672,-3.3791,,
2.6219,0.00098895,1.6654,-2.3063,1.0093,0.2682,1.0573,-1.2578,,
2.6219,0.00093863,1.651,-2.3104,2.5915,0.48294,1.6349,-1.794,,
2.6219,0.00089188,1.6366,-2.3141,3.8246,0.43899,1.1374,-1.2311,,
2.6219,0.00084838,1.6221,-2.3175,3.3772,0.56119,1.7847,-2.988,,
2.6219,0.00080784,1.6075,-2.3205,2.3977,0.83648,1.6538,-4.3745,,
2.6219,0.00077001,1.5929,-2.3232,2.619,1.0715,2.3311,-2.5781,,
2.6219,0.00073467,1.5783,-2.3255,1.6906,-0.98948,0.38829,-2.6649,,
2.6219,0.00070161,1.5636,-2.3275,3.3249,-1.299,1.217,-1.9958,,
2.6219,0.00067064,1.5489,-2.3291,1.8102,1.3426,-0.26725,-1.2984,,
2.6219,0.00064161,1.5342,-2.3304,2.9541,0.97143,1.7984,-1.6058,,
2.6219,0.00061435,1.5194,-2.3313,1.4892,-0.84918,2.4571,-1.1001,,
2.6219,0.00058873,1.5046,-2.3319,2.7105,-0.048799,1.9131,-2.2184,,
2.6219,0.00056463,1.4897,-2.3321,4.2017,1.8578,0.65255,-2.3005,,
2.6219,0.00054194,1.4749,-2.332,2.743,-1.1604,1.9884,-1.7476,,
2.6219,0.00052055,1.46,-2.3315,3.0306,0.33102,0.9297,-1.4167,,
2.6219,0.00050037,1.4451,-2.3307,2.35,-1.3899,1.2843,-2.6262,,
2.6219,0.0004813,1.4301,-2.3295,1.3618,0.17446,1.9165,-1.4878,,
2.6219,0.00046329,1.4152,-2.3279,3.9103,0.30954,-0.21423,-3.0463,,
2.6219,0.00044624,1.4002,-2.326,4.1132,-0.1824,0.50955,-2.677,,
2.6219,0.0004301,1.3852,-2.3238,2.9688,0.94731,0.9389,-1.998,,
2.6219,0.0004148,1.3702,-2.3212,3.0059,-0.13631,1.6356,-2.2338,,
2.6219,0.0004003,1.3552,-2.3183,2.9483,1.1926,1.1295,-4.7711,,
2.6219,0.00038653,1.3402,-2.315,1.2295,1.1018,1.1821,-0.81626,,
2.6219,0.00037345,1.3251,-2.3113,2.7548,-0.27637,0.84218,-1.4565,,
2.6219,0.00036102,1.3101,-2.3073,3.3497,0.26206,3.1406,-1.5847,,
2.6219,0.00034919,1.295,-2.303,1.3899,0.21187,1.6155,-2.3236,,
2.6219,0.00033794,1.28,-2.2983,3.7205,0.97178,0.3097,-2.1994,,
2.6219,0.00032722,1.2649,-2.2933,1.7521,1.2505,1.6832,-3.3599,,
2.6219,0.000317,1.2499,-2.2879,2.5198,0.79798,-0.88564,-2.033,,
2.6219,0.00030725,1.2349,-2.2822,1.755,0.028207,2.1452,-1.768,,
2.6219,0.00029795,1.2198,-2.2761,2.2938,-0.89011,-0.93907,-1.7608,,
2.6219,0.00028906,1.2048,-2.2697,3.5854,-1.2892,1.8021,-2.9869,,
2.6219,0.00028057,1.1897,-2.263,1.7178,1.1054,-0.48879,-2.2969,,
2.6219,0.00027245,1.1747,-2.2559,3.049,2.006,0.95631,-2.1431,,
2.6219,0.00026469,1.1597,-2.2484,2.4229,0.27264,-0.15345,-2.3593,,
2.6219,0.00025725,1.1447,-2.2406,2.8364,-0.068291,1.3723,-4.2841,,
2.6219,0.00025013,1.1298,-2.2325,2.2029,0.94081,0.45706,-1.633,,
2.6219,0.00024331,1.1148,-2.2241,3.8385,-1.6862,0.67003,-1.836,,
2.6219,0.00023677,1.0999,-2.2153,4.1448,-0.25992,2.827,-1.7305,,
2.6219,0.0002305,1.0849,-2.2062,2.6842,-2.0051,0.073932,-2.7004,,
2.6219,0.00022447,1.07,-2.1967,0.69178,0.42998,1.919,-1.4301,,
2.6219,0.00021869,1.0552,-2.1869,2.6842,0.029593,0.28842,-2.565,,
2.6219,0.00021313,1.0403,-2.1768,3.997,0.33036,0.63974,-3.1509,,
2.6219,0.00020779,1.0255,-2.1664,2.7797,-0.42902,2.2955,-3.1006,,
2.6219,0.00020266,1.0107,-2.1556,2.2588,-1.8708,1.4889,-0.88505,,
2.6219,0.00019772,0.99595,-2.1445,2.5208,0.99837,1.4387,-2.7783,,
2.6219,0.00019296,0.98122,-2.1331,-0.37863,-0.65587,2.1355,-2.8997,,
2.6219,0.00018838,0.96652,-2.1214,2.4016,0.18065,0.37842,-1.3056,,
2.6219,0.00018397,0.95187,-2.1093,2.1573,0.95522,0.78524,-3.3351,,
2.6219,0.00017972,0.93725,-2.0969,2.2321,0.57564,1.3336,-2.3595,,
2.6219,0.00017562,0.92266,-2.0842,2.5588,-0.8293,1.1482,-2.3618,,
2.6219,0.00017167,0.90812,-2.0712,1.2364,-0.26029,1.8251,-2.8757,,
2.6219,0.00016785,0.89362,-2.0579,1.0364,-0.21637,-0.86602,-1.0935,,
2.6219,0.00016417,0.87917,-2.0443,3.2147,0.99546,-0.028398,-1.8675,,
2.6219,0.00016061,0.86476,-2.0303,1.9281,1.2918,-0.39653,-1.2607,,
2.6219,0.00015718,0.8504,-2.0161,2.1346,-1.0653,-0.69633,-2.8505,,
2.6219,0.00015385,0.83609,-2.0015,3.3305,-1.0193,1.4242,-2.3749,,
2.6219,0.00015064,0.82183,-1.9867,2.3031,0.13154,0.37914,-1.1071,,
2.6219,0.00014754,0.80762,-1.9715,3.3227,-0.0010563,-0.24868,-3.4434,,
2.6219,0.00014453,0.79346,-1.9561,2.8575,0.20234,0.59359,-2.2269,,
2.6219,0.00014163,0.77936,-1.9403,2.3152,-1.0524,-0.95923,-1.9735,,
2.6219,0.00013881,0.76532,-1.9243,2.5074,-1.3451,-0.45797,-1.3925,,
2.6219,0.00013608,0.75134,-1.908,1.6325,-0.079143,1.0637,-1.5561,,
2.6219,0.00013344,0.73742,-1.8913,3.2422,1.2418,-0.99274,-3.0361,,
2.6219,0.00013088,0.72355,-1.8744,3.6384,0.6358,2.2273,-3.6867,,
2.6219,0.0001284,0.70976,-1.8573,3.3171,-0.11866,-0.60512,-1.4776,,
2.6219,0.00012599,0.69602,-1.8398,2.9958,-0.38444,0.64094,-2.2839,,
2.6219,0.00012365,0.68236,-1.822,1.9217,-1.1262,-0.042499,-1.6744,,
2.6219,0.00012139,0.66876,-1.804,0.96703,0.90396,0.49884,-0.72308,,
2.6219,0.00011919,0.65523,-1.7857,2.1093,0.85894,1.0672,-1.8423,,
2.6219,0.00011705,0.64178,-1.7672,3.8654,-0.16612,1.8651,-1.5932,,
2.6219,0.00011497,0.6284,-1.7483,3.2413,0.38954,1.8437,-0.56456,,
2.6219,0.00011296,0.61509,-1.7293,2.1891,0.27408,0.18884,-0.80226,,
2.6219,0.000111,0.60186,-1.7099,1.6527,0.93161,0.42232,-1.0566,,
2.6219,0.00010909,0.5887,-1.6903,1.5732,1.6485,0.83307,-2.517,,
2.6219,0.00010724,0.57563,-1.6704,1.7176,-1.7664,2.2351,-1.8234,,
2.6219,0.00010544,0.56264,-1.6503,2.3678,-0.30833,1.4621,-2.193,,
2.6219,0.00010368,0.54973,-1.63,2.2318,-0.080778,-1.0892,-1.2159,,
2.6219,0.00010198,0.5369,-1.6093,1.8111,-1.2815,-0.19661,-0.85931,,
2.6219,0.00010032,0.52416,-1.5885,1.5174,-0.29134,-0.60114,-2.9076,,
2.6219,9.87E-05,0.51151,-1.5674,2.5525,0.81635,-0.42884,-1.8438,,
2.6219,9.71E-05,0.49895,-1.5461,2.8339,-0.76045,1.2153,-1.3025,,
2.6219,9.56E-05,0.48648,-1.5245,2.4429,-2.1091,0.017018,-1.2235,,
2.6219,9.41E-05,0.4741,-1.5027,0.77784,-1.0232,2.0741,-1.4344,,
2.6219,9.26E-05,0.46182,-1.4807,0.9749,0.2887,0.98767,-3.2055,,
2.6219,9.12E-05,0.44963,-1.4584,3.0341,-0.76491,0.77082,-1.7611,,
2.6219,8.98E-05,0.43754,-1.436,2.2563,0.95137,2.5328,-0.67794,,
2.6219,8.85E-05,0.42555,-1.4133,1.5011,-0.55989,0.035423,0.54945,,
2.6219,8.72E-05,0.41366,-1.3904,5.0202,0.23236,0.78248,-0.64047,,
2.6219,8.59E-05,0.40188,-1.3673,3.7195,-0.5985,1.0141,-2.924,,
2.6219,8.46E-05,0.3902,-1.344,3.2499,0.63422,-0.25299,-0.94441,,
2.6219,8.34E-05,0.37862,-1.3205,2.6053,-1.6455,0.56537,-0.29275,,
2.6219,8.22E-05,0.36715,-1.2968,2.4795,1.6478,-1.0507,-0.74609,,
2.6219,8.10E-05,0.3558,-1.2729,4.7208,-0.21939,1.3894,-2.2223,,
2.6219,7.99E-05,0.34456,-1.2488,1.6934,-0.13836,2.2428,-1.7825,,
2.6219,7.88E-05,0.33343,-1.2245,3.455,-1.4308,0.64142,-0.86911,,
2.6219,7.77E-05,0.32241,-1.2,3.1464,-0.0015568,-1.8659,0.11782,,
2.6219,7.66E-05,0.31152,-1.1753,3.2308,-0.070467,2.193,-1.2534,,
2.6219,7.56E-05,0.30074,-1.1505,2.5351,-1.2097,-0.97931,-1.1627,,
2.6219,7.45E-05,0.29008,-1.1255,4.4253,0.5987,-0.97928,0.016984,,
2.6219,7.35E-05,0.27955,-1.1003,3.7149,2.0195,-0.58195,0.045164,,
2.6219,7.26E-05,0.26915,-1.075,1.0959,1.195,9.88E-05,-0.71506,,
2.6219,7.16E-05,0.25887,-1.0495,2.9386,-0.06309,-1.1296,-2.2035,,
2.6219,7.07E-05,0.24873,-1.0238,3.2026,0.55981,3.2977,-1.5438,,
2.6219,6.98E-05,0.23871,-0.99802,2.448,0.21507,-0.69316,-0.37062,,
2.6219,6.89E-05,0.22883,-0.97205,2.8107,0.42211,1.1134,-0.015725,,
2.6219,6.80E-05,0.21909,-0.94594,3.9262,-2.0716,0.90382,-0.40843,,
2.6219,6.71E-05,0.20949,-0.91968,2.8462,-0.90958,-0.63711,-1.3583,,
2.6219,6.63E-05,0.20003,-0.89329,4.3221,-0.28521,-0.72006,-0.6479,,
2.6219,6.55E-05,0.19072,-0.86676,1.7171,0.63641,1.8727,-2.2312,,
2.6219,6.46E-05,0.18155,-0.8401,2.1611,0.3663,0.90654,-0.018184,,
2.6219,6.39E-05,0.17253,-0.81331,2.3583,-0.10237,-0.92868,-1.3894,,
2.6219,6.31E-05,0.16367,-0.7864,3.0949,-2.1672,-0.11634,0.97581,,
2.6219,6.23E-05,0.15496,-0.75937,3.0349,-1.4302,0.042132,-1.1875,,
2.6219,6.16E-05,0.14642,-0.73223,3.5606,1.3437,0.78416,-1.0885,,
2.6219,6.08E-05,0.13803,-0.70498,3.2254,0.13811,1.115,-1.1504,,
2.6219,6.01E-05,0.12981,-0.67762,2.9452,0.017559,1.1327,1.325,,
2.6219,5.94E-05,0.12177,-0.65016,3.3217,-0.33844,1.0968,-0.16507,,
2.6219,5.87E-05,0.11389,-0.6226,3.9624,2.9154,0.41163,-2.1645,,
2.6219,5.80E-05,0.10619,-0.59494,3.4345,-0.68688,1.7887,-1.8921,,
2.6219,5.74E-05,0.09868,-0.5672,0.98909,-0.14231,-0.74265,0.52443,,
2.6219,5.67E-05,0.091353,-0.53937,1.7452,0.53882,2.1732,-0.27541,,
2.6219,5.61E-05,0.084217,-0.51146,0.69438,1.3283,0.76338,0.15466,,
2.6219,5.55E-05,0.077279,-0.48347,4.5074,-0.13098,1.5359,-1.6602,,
2.6219,5.48E-05,0.070544,-0.45541,2.2853,0.97019,-0.15073,-1.1412,,
2.6219,5.42E-05,0.064018,-0.42728,2.5383,0.99863,-0.70976,-0.092669,,
2.6219,5.36E-05,0.057708,-0.39909,0.84642,0.2629,0.59631,-2.1558,,
2.6219,5.30E-05,0.051622,-0.37083,1.8486,-1.3183,0.52821,-0.36184,,
2.6219,5.25E-05,0.045768,-0.34252,3.5692,0.80652,0.53581,0.10541,,
2.6219,5.19E-05,0.040156,-0.31416,1.545,0.1044,0.24599,-1.2982,,
2.6219,5.13E-05,0.034795,-0.28575,4.3708,1.5568,0.71503,-0.62191,,
2.6219,5.08E-05,0.029698,-0.2573,1.1358,-0.84174,0.52969,0.90106,,
2.6219,5.03E-05,0.02488,-0.22881,1.3815,-0.0034335,-0.74476,1.2255,,
2.6219,4.97E-05,0.020357,-0.20028,3.0519,-0.50501,-1.3465,-1.2468,,
2.6219,4.92E-05,0.016148,-0.17173,1.1003,-1.8451,0.47466,0.21086,,
2.6219,4.87E-05,0.01228,-0.14315,0.15005,-1.0525,0.18463,0.0024563,,
2.6219,4.82E-05,0.0087833,-0.11454,3.1216,-1.9628,0.50431,-1.2142,,
2.6219,4.77E-05,0.0057026,-0.085922,1.4227,1.6969,-1.4782,0.84865,,
2.6219,4.72E-05,0.0031028,-0.057289,2.1177,0.24269,-0.64358,-0.58062,,
2.6219,4.67E-05,0.0010966,-0.028647,2.1364,0.60274,0.20096,0.58984,,
2.6219,4.63E-05,0,-1.17E-15,3.8608,0.20682,1.3449,-1.2429,,
